file	#_reads_raw	#_reads_fp1	#_reads_clmp	#_reads_fp2	#_reads_fqscrn	#_reads_repr	%_readsRemaining_fp1	%_readsRemaining_clmp	%_readsRemaining_fp2	%_readsRemaining_fqscrn	%_readsRemaining_repr	%_total_readsRemaining
/home/e1garcia/shotgun_PIRE/pire_cssl_data_processing/leiognathus_leuciscus/raw_fq_capture/Lle-AHam_001.1.fq.gz	21932929	21299712	3816064	3721610	3220570	3119332	97.1129	17.916	97.5248	86.537	96.8565	14.2221
/home/e1garcia/shotgun_PIRE/pire_cssl_data_processing/leiognathus_leuciscus/raw_fq_capture/Lle-AHam_001.2.fq.gz	21932929	21299712	3816064	3721610	3211609	3119332	97.1129	17.916	97.5248	86.2962	97.1268	14.2221
/home/e1garcia/shotgun_PIRE/pire_cssl_data_processing/leiognathus_leuciscus/raw_fq_capture/Lle-AHam_002.1.fq.gz	19843785	19356234	3654641	3571464	3146536	3052673	97.5431	18.881	97.7241	88.1021	97.0169	15.3835
/home/e1garcia/shotgun_PIRE/pire_cssl_data_processing/leiognathus_leuciscus/raw_fq_capture/Lle-AHam_002.2.fq.gz	19843785	19356234	3654641	3571464	3138409	3052673	97.5431	18.881	97.7241	87.8746	97.2682	15.3835
/home/e1garcia/shotgun_PIRE/pire_cssl_data_processing/leiognathus_leuciscus/raw_fq_capture/Lle-AHam_003.1.fq.gz	23808802	23152256	5112024	5001887	4346079	4218795	97.2424	22.08	97.8455	86.8888	97.0713	17.7195
/home/e1garcia/shotgun_PIRE/pire_cssl_data_processing/leiognathus_leuciscus/raw_fq_capture/Lle-AHam_003.2.fq.gz	23808802	23152256	5112024	5001887	4339031	4218795	97.2424	22.08	97.8455	86.7479	97.229	17.7195
/home/e1garcia/shotgun_PIRE/pire_cssl_data_processing/leiognathus_leuciscus/raw_fq_capture/Lle-AHam_004.1.fq.gz	23226370	22500582	4984985	4872370	4140336	4004763	96.8752	22.1549	97.7409	84.9758	96.7256	17.2423
/home/e1garcia/shotgun_PIRE/pire_cssl_data_processing/leiognathus_leuciscus/raw_fq_capture/Lle-AHam_004.2.fq.gz	23226370	22500582	4984985	4872370	4131486	4004763	96.8752	22.1549	97.7409	84.7942	96.9328	17.2423
/home/e1garcia/shotgun_PIRE/pire_cssl_data_processing/leiognathus_leuciscus/raw_fq_capture/Lle-AHam_005.1.fq.gz	22151680	21566376	4716705	4608961	3969088	3839570	97.3577	21.8706	97.7157	86.1168	96.7368	17.3331
/home/e1garcia/shotgun_PIRE/pire_cssl_data_processing/leiognathus_leuciscus/raw_fq_capture/Lle-AHam_005.2.fq.gz	22151680	21566376	4716705	4608961	3958189	3839570	97.3577	21.8706	97.7157	85.8803	97.0032	17.3331
/home/e1garcia/shotgun_PIRE/pire_cssl_data_processing/leiognathus_leuciscus/raw_fq_capture/Lle-AHam_006.1.fq.gz	24665007	24026902	5807901	5688425	4737320	4578542	97.4129	24.1725	97.9429	83.28	96.6484	18.5629
/home/e1garcia/shotgun_PIRE/pire_cssl_data_processing/leiognathus_leuciscus/raw_fq_capture/Lle-AHam_006.2.fq.gz	24665007	24026902	5807901	5688425	4727085	4578542	97.4129	24.1725	97.9429	83.1001	96.8576	18.5629
/home/e1garcia/shotgun_PIRE/pire_cssl_data_processing/leiognathus_leuciscus/raw_fq_capture/Lle-AHam_007.1.fq.gz	18496683	17864728	3282058	3206971	2794285	2712872	96.5834	18.3717	97.7122	87.1316	97.0864	14.6668
/home/e1garcia/shotgun_PIRE/pire_cssl_data_processing/leiognathus_leuciscus/raw_fq_capture/Lle-AHam_007.2.fq.gz	18496683	17864728	3282058	3206971	2789681	2712872	96.5834	18.3717	97.7122	86.988	97.2467	14.6668
/home/e1garcia/shotgun_PIRE/pire_cssl_data_processing/leiognathus_leuciscus/raw_fq_capture/Lle-AHam_008.1.fq.gz	7032936	6786249	2031069	1996979	1751942	1703075	96.4924	29.9292	98.3216	87.7296	97.2107	24.2157
/home/e1garcia/shotgun_PIRE/pire_cssl_data_processing/leiognathus_leuciscus/raw_fq_capture/Lle-AHam_008.2.fq.gz	7032936	6786249	2031069	1996979	1749718	1703075	96.4924	29.9292	98.3216	87.6182	97.3343	24.2157
/home/e1garcia/shotgun_PIRE/pire_cssl_data_processing/leiognathus_leuciscus/raw_fq_capture/Lle-AHam_009.1.fq.gz	18956050	18433179	3655513	3583288	3112809	3017611	97.2417	19.8312	98.0242	86.8702	96.9417	15.919
/home/e1garcia/shotgun_PIRE/pire_cssl_data_processing/leiognathus_leuciscus/raw_fq_capture/Lle-AHam_009.2.fq.gz	18956050	18433179	3655513	3583288	3107413	3017611	97.2417	19.8312	98.0242	86.7196	97.1101	15.919
/home/e1garcia/shotgun_PIRE/pire_cssl_data_processing/leiognathus_leuciscus/raw_fq_capture/Lle-AHam_010.1.fq.gz	24876944	24309505	5285080	5187261	4403778	4252057	97.719	21.7408	98.1491	84.896	96.5548	17.0924
/home/e1garcia/shotgun_PIRE/pire_cssl_data_processing/leiognathus_leuciscus/raw_fq_capture/Lle-AHam_010.2.fq.gz	24876944	24309505	5285080	5187261	4396954	4252057	97.719	21.7408	98.1491	84.7645	96.7046	17.0924
/home/e1garcia/shotgun_PIRE/pire_cssl_data_processing/leiognathus_leuciscus/raw_fq_capture/Lle-AHam_011.1.fq.gz	11715924	11174548	2243560	2195785	1896602	1830184	95.3791	20.0774	97.8706	86.3747	96.4981	15.6213
/home/e1garcia/shotgun_PIRE/pire_cssl_data_processing/leiognathus_leuciscus/raw_fq_capture/Lle-AHam_011.2.fq.gz	11715924	11174548	2243560	2195785	1892706	1830184	95.3791	20.0774	97.8706	86.1972	96.6967	15.6213
/home/e1garcia/shotgun_PIRE/pire_cssl_data_processing/leiognathus_leuciscus/raw_fq_capture/Lle-AHam_012.1.fq.gz	15070281	14564409	3126092	3063615	2510963	2412319	96.6432	21.4639	98.0014	81.9608	96.0715	16.0071
/home/e1garcia/shotgun_PIRE/pire_cssl_data_processing/leiognathus_leuciscus/raw_fq_capture/Lle-AHam_012.2.fq.gz	15070281	14564409	3126092	3063615	2506211	2412319	96.6432	21.4639	98.0014	81.8057	96.2536	16.0071
/home/e1garcia/shotgun_PIRE/pire_cssl_data_processing/leiognathus_leuciscus/raw_fq_capture/Lle-AHam_013.1.fq.gz	1350459	1180016	337679	331321	280471	272154	87.3789	28.6165	98.1171	84.6523	97.0346	20.1527
/home/e1garcia/shotgun_PIRE/pire_cssl_data_processing/leiognathus_leuciscus/raw_fq_capture/Lle-AHam_013.2.fq.gz	1350459	1180016	337679	331321	280416	272154	87.3789	28.6165	98.1171	84.6357	97.0537	20.1527
/home/e1garcia/shotgun_PIRE/pire_cssl_data_processing/leiognathus_leuciscus/raw_fq_capture/Lle-AHam_014.1.fq.gz	23822943	23243427	4984243	4875593	4122284	3982328	97.5674	21.4437	97.8201	84.5494	96.6049	16.7164
/home/e1garcia/shotgun_PIRE/pire_cssl_data_processing/leiognathus_leuciscus/raw_fq_capture/Lle-AHam_014.2.fq.gz	23822943	23243427	4984243	4875593	4113305	3982328	97.5674	21.4437	97.8201	84.3652	96.8158	16.7164
/home/e1garcia/shotgun_PIRE/pire_cssl_data_processing/leiognathus_leuciscus/raw_fq_capture/Lle-AHam_015.1.fq.gz	22730421	22154278	5128255	5025424	4162573	4023002	97.4653	23.1479	97.9948	82.8303	96.647	17.6988
/home/e1garcia/shotgun_PIRE/pire_cssl_data_processing/leiognathus_leuciscus/raw_fq_capture/Lle-AHam_015.2.fq.gz	22730421	22154278	5128255	5025424	4154697	4023002	97.4653	23.1479	97.9948	82.6736	96.8302	17.6988
/home/e1garcia/shotgun_PIRE/pire_cssl_data_processing/leiognathus_leuciscus/raw_fq_capture/Lle-AHam_016.1.fq.gz	5717278	5408462	1255689	1229564	1035129	995719	94.5985	23.2171	97.9195	84.1867	96.1927	17.416
/home/e1garcia/shotgun_PIRE/pire_cssl_data_processing/leiognathus_leuciscus/raw_fq_capture/Lle-AHam_016.2.fq.gz	5717278	5408462	1255689	1229564	1032096	995719	94.5985	23.2171	97.9195	83.94	96.4754	17.416
/home/e1garcia/shotgun_PIRE/pire_cssl_data_processing/leiognathus_leuciscus/raw_fq_capture/Lle-AHam_017.1.fq.gz	27969205	27251054	6043526	5901442	4932222	4744114	97.4324	22.1772	97.649	83.5766	96.1861	16.9619
/home/e1garcia/shotgun_PIRE/pire_cssl_data_processing/leiognathus_leuciscus/raw_fq_capture/Lle-AHam_017.2.fq.gz	27969205	27251054	6043526	5901442	4918447	4744114	97.4324	22.1772	97.649	83.3431	96.4555	16.9619
/home/e1garcia/shotgun_PIRE/pire_cssl_data_processing/leiognathus_leuciscus/raw_fq_capture/Lle-AHam_018.1.fq.gz	23747869	23161785	4928943	4829873	4048429	3909309	97.5321	21.2805	97.99	83.8206	96.5636	16.4617
/home/e1garcia/shotgun_PIRE/pire_cssl_data_processing/leiognathus_leuciscus/raw_fq_capture/Lle-AHam_018.2.fq.gz	23747869	23161785	4928943	4829873	4040157	3909309	97.5321	21.2805	97.99	83.6493	96.7613	16.4617
/home/e1garcia/shotgun_PIRE/pire_cssl_data_processing/leiognathus_leuciscus/raw_fq_capture/Lle-AHam_019.1.fq.gz	17673539	17302010	4210914	4139541	3411073	3309098	97.8978	24.3377	98.305	82.4022	97.0105	18.7235
/home/e1garcia/shotgun_PIRE/pire_cssl_data_processing/leiognathus_leuciscus/raw_fq_capture/Lle-AHam_019.2.fq.gz	17673539	17302010	4210914	4139541	3407226	3309098	97.8978	24.3377	98.305	82.3093	97.12	18.7235
/home/e1garcia/shotgun_PIRE/pire_cssl_data_processing/leiognathus_leuciscus/raw_fq_capture/Lle-AHam_020.1.fq.gz	15155774	14485891	2684586	2620045	2251659	2181113	95.58	18.5324	97.5959	85.9397	96.8669	14.3913
/home/e1garcia/shotgun_PIRE/pire_cssl_data_processing/leiognathus_leuciscus/raw_fq_capture/Lle-AHam_020.2.fq.gz	15155774	14485891	2684586	2620045	2247608	2181113	95.58	18.5324	97.5959	85.7851	97.0415	14.3913
/home/e1garcia/shotgun_PIRE/pire_cssl_data_processing/leiognathus_leuciscus/raw_fq_capture/Lle-AHam_021.1.fq.gz	17206867	16816399	4116030	4048602	3413158	3313442	97.7307	24.4763	98.3618	84.3046	97.0785	19.2565
/home/e1garcia/shotgun_PIRE/pire_cssl_data_processing/leiognathus_leuciscus/raw_fq_capture/Lle-AHam_021.2.fq.gz	17206867	16816399	4116030	4048602	3409754	3313442	97.7307	24.4763	98.3618	84.2205	97.1754	19.2565
/home/e1garcia/shotgun_PIRE/pire_cssl_data_processing/leiognathus_leuciscus/raw_fq_capture/Lle-AHam_022.1.fq.gz	21061422	20243271	3653051	3569270	3034570	2936342	96.1154	18.0458	97.7065	85.0193	96.763	13.9418
/home/e1garcia/shotgun_PIRE/pire_cssl_data_processing/leiognathus_leuciscus/raw_fq_capture/Lle-AHam_022.2.fq.gz	21061422	20243271	3653051	3569270	3028753	2936342	96.1154	18.0458	97.7065	84.8564	96.9489	13.9418
/home/e1garcia/shotgun_PIRE/pire_cssl_data_processing/leiognathus_leuciscus/raw_fq_capture/Lle-AHam_023.1.fq.gz	22058982	21302292	4350059	4254052	3535854	3402982	96.5697	20.4206	97.793	83.1173	96.2422	15.4267
/home/e1garcia/shotgun_PIRE/pire_cssl_data_processing/leiognathus_leuciscus/raw_fq_capture/Lle-AHam_023.2.fq.gz	22058982	21302292	4350059	4254052	3530164	3402982	96.5697	20.4206	97.793	82.9836	96.3973	15.4267
/home/e1garcia/shotgun_PIRE/pire_cssl_data_processing/leiognathus_leuciscus/raw_fq_capture/Lle-AHam_024.1.fq.gz	18447556	17456482	3698481	3618807	2709726	2607799	94.6276	21.1869	97.8458	74.879	96.2385	14.1363
/home/e1garcia/shotgun_PIRE/pire_cssl_data_processing/leiognathus_leuciscus/raw_fq_capture/Lle-AHam_024.2.fq.gz	18447556	17456482	3698481	3618807	2709811	2607799	94.6276	21.1869	97.8458	74.8813	96.2355	14.1363
/home/e1garcia/shotgun_PIRE/pire_cssl_data_processing/leiognathus_leuciscus/raw_fq_capture/Lle-AHam_025.1.fq.gz	11928940	11554556	2466656	2414047	2050668	1981289	96.8615	21.3479	97.8672	84.9473	96.6168	16.6091
/home/e1garcia/shotgun_PIRE/pire_cssl_data_processing/leiognathus_leuciscus/raw_fq_capture/Lle-AHam_025.2.fq.gz	11928940	11554556	2466656	2414047	2045991	1981289	96.8615	21.3479	97.8672	84.7536	96.8376	16.6091
/home/e1garcia/shotgun_PIRE/pire_cssl_data_processing/leiognathus_leuciscus/raw_fq_capture/Lle-AHam_026.1.fq.gz	13287605	12993863	2811314	2755936	2451815	2389171	97.7894	21.6357	98.0302	88.9649	97.445	17.9804
/home/e1garcia/shotgun_PIRE/pire_cssl_data_processing/leiognathus_leuciscus/raw_fq_capture/Lle-AHam_026.2.fq.gz	13287605	12993863	2811314	2755936	2447842	2389171	97.7894	21.6357	98.0302	88.8207	97.6032	17.9804
/home/e1garcia/shotgun_PIRE/pire_cssl_data_processing/leiognathus_leuciscus/raw_fq_capture/Lle-AHam_027.1.fq.gz	13567772	13112005	2926414	2868060	2551734	2486664	96.6408	22.3186	98.006	88.9707	97.45	18.3277
/home/e1garcia/shotgun_PIRE/pire_cssl_data_processing/leiognathus_leuciscus/raw_fq_capture/Lle-AHam_027.2.fq.gz	13567772	13112005	2926414	2868060	2546743	2486664	96.6408	22.3186	98.006	88.7967	97.6409	18.3277
/home/e1garcia/shotgun_PIRE/pire_cssl_data_processing/leiognathus_leuciscus/raw_fq_capture/Lle-AHam_028.1.fq.gz	8120824	7947295	1991552	1955287	1730992	1683870	97.8632	25.0595	98.1791	88.5288	97.2777	20.7352
/home/e1garcia/shotgun_PIRE/pire_cssl_data_processing/leiognathus_leuciscus/raw_fq_capture/Lle-AHam_028.2.fq.gz	8120824	7947295	1991552	1955287	1725996	1683870	97.8632	25.0595	98.1791	88.2733	97.5593	20.7352
/home/e1garcia/shotgun_PIRE/pire_cssl_data_processing/leiognathus_leuciscus/raw_fq_capture/Lle-AHam_029.1.fq.gz	18788164	17861520	3656599	3564778	3108680	3009242	95.0679	20.4719	97.4889	87.2054	96.8013	16.0167
/home/e1garcia/shotgun_PIRE/pire_cssl_data_processing/leiognathus_leuciscus/raw_fq_capture/Lle-AHam_029.2.fq.gz	18788164	17861520	3656599	3564778	3100233	3009242	95.0679	20.4719	97.4889	86.9685	97.065	16.0167
/home/e1garcia/shotgun_PIRE/pire_cssl_data_processing/leiognathus_leuciscus/raw_fq_capture/Lle-AHam_030.1.fq.gz	21205722	20409893	3986151	3888795	3292406	3177673	96.2471	19.5305	97.5576	84.6639	96.5152	14.985
/home/e1garcia/shotgun_PIRE/pire_cssl_data_processing/leiognathus_leuciscus/raw_fq_capture/Lle-AHam_030.2.fq.gz	21205722	20409893	3986151	3888795	3286055	3177673	96.2471	19.5305	97.5576	84.5006	96.7018	14.985
/home/e1garcia/shotgun_PIRE/pire_cssl_data_processing/leiognathus_leuciscus/raw_fq_capture/Lle-AHam_031.1.fq.gz	28677229	27707815	5459246	5324030	4415796	4230917	96.6196	19.7029	97.5232	82.9409	95.8132	14.7536
/home/e1garcia/shotgun_PIRE/pire_cssl_data_processing/leiognathus_leuciscus/raw_fq_capture/Lle-AHam_031.2.fq.gz	28677229	27707815	5459246	5324030	4405085	4230917	96.6196	19.7029	97.5232	82.7397	96.0462	14.7536
/home/e1garcia/shotgun_PIRE/pire_cssl_data_processing/leiognathus_leuciscus/raw_fq_capture/Lle-AHam_032.1.fq.gz	21434255	20869016	4380925	4294300	3678542	3563485	97.3629	20.9925	98.0227	85.661	96.8722	16.6252
/home/e1garcia/shotgun_PIRE/pire_cssl_data_processing/leiognathus_leuciscus/raw_fq_capture/Lle-AHam_032.2.fq.gz	21434255	20869016	4380925	4294300	3674099	3563485	97.3629	20.9925	98.0227	85.5576	96.9894	16.6252
/home/e1garcia/shotgun_PIRE/pire_cssl_data_processing/leiognathus_leuciscus/raw_fq_capture/Lle-CNas_001.1.fq.gz	4923806	4802860	2332124	2309546	2104890	2048604	97.5436	48.557	99.0319	91.1387	97.3259	41.6061
/home/e1garcia/shotgun_PIRE/pire_cssl_data_processing/leiognathus_leuciscus/raw_fq_capture/Lle-CNas_001.2.fq.gz	4923806	4802860	2332124	2309546	2102205	2048604	97.5436	48.557	99.0319	91.0224	97.4502	41.6061
/home/e1garcia/shotgun_PIRE/pire_cssl_data_processing/leiognathus_leuciscus/raw_fq_capture/Lle-CNas_002.1.fq.gz	3888858	3708687	1778823	1761551	1593937	1549693	95.367	47.9637	99.029	90.4849	97.2242	39.8496
/home/e1garcia/shotgun_PIRE/pire_cssl_data_processing/leiognathus_leuciscus/raw_fq_capture/Lle-CNas_002.2.fq.gz	3888858	3708687	1778823	1761551	1592711	1549693	95.367	47.9637	99.029	90.4153	97.2991	39.8496
/home/e1garcia/shotgun_PIRE/pire_cssl_data_processing/leiognathus_leuciscus/raw_fq_capture/Lle-CNas_003.1.fq.gz	4666982	4529287	2235295	2210996	2021108	1967440	97.0496	49.352	98.9129	91.4117	97.3446	42.1566
/home/e1garcia/shotgun_PIRE/pire_cssl_data_processing/leiognathus_leuciscus/raw_fq_capture/Lle-CNas_003.2.fq.gz	4666982	4529287	2235295	2210996	2017949	1967440	97.0496	49.352	98.9129	91.2688	97.497	42.1566
/home/e1garcia/shotgun_PIRE/pire_cssl_data_processing/leiognathus_leuciscus/raw_fq_capture/Lle-CNas_004.1.fq.gz	6199889	6015635	2622629	2595841	2362654	2292523	97.0281	43.5969	98.9786	91.0169	97.0317	36.9768
/home/e1garcia/shotgun_PIRE/pire_cssl_data_processing/leiognathus_leuciscus/raw_fq_capture/Lle-CNas_004.2.fq.gz	6199889	6015635	2622629	2595841	2360892	2292523	97.0281	43.5969	98.9786	90.949	97.1041	36.9768
/home/e1garcia/shotgun_PIRE/pire_cssl_data_processing/leiognathus_leuciscus/raw_fq_capture/Lle-CNas_005.1.fq.gz	3017823	2764551	1422797	1407991	1294653	1260864	91.6075	51.4658	98.9594	91.9504	97.3901	41.7806
/home/e1garcia/shotgun_PIRE/pire_cssl_data_processing/leiognathus_leuciscus/raw_fq_capture/Lle-CNas_005.2.fq.gz	3017823	2764551	1422797	1407991	1293748	1260864	91.6075	51.4658	98.9594	91.8861	97.4582	41.7806
/home/e1garcia/shotgun_PIRE/pire_cssl_data_processing/leiognathus_leuciscus/raw_fq_capture/Lle-CNas_006.1.fq.gz	11263130	10831214	5405467	5348664	4821803	4692939	96.1652	49.9064	98.9492	90.1497	97.3275	41.6664
/home/e1garcia/shotgun_PIRE/pire_cssl_data_processing/leiognathus_leuciscus/raw_fq_capture/Lle-CNas_006.2.fq.gz	11263130	10831214	5405467	5348664	4816181	4692939	96.1652	49.9064	98.9492	90.0446	97.4411	41.6664
/home/e1garcia/shotgun_PIRE/pire_cssl_data_processing/leiognathus_leuciscus/raw_fq_capture/Lle-CNas_007.1.fq.gz	4190790	4069128	1921479	1902158	1746875	1705664	97.0969	47.2209	98.9945	91.8365	97.6409	40.7003
/home/e1garcia/shotgun_PIRE/pire_cssl_data_processing/leiognathus_leuciscus/raw_fq_capture/Lle-CNas_007.2.fq.gz	4190790	4069128	1921479	1902158	1744898	1705664	97.0969	47.2209	98.9945	91.7325	97.7515	40.7003
/home/e1garcia/shotgun_PIRE/pire_cssl_data_processing/leiognathus_leuciscus/raw_fq_capture/Lle-CNas_008.1.fq.gz	4858872	4627754	2177912	2156169	1961126	1905260	95.2434	47.062	99.0017	90.9542	97.1513	39.212
/home/e1garcia/shotgun_PIRE/pire_cssl_data_processing/leiognathus_leuciscus/raw_fq_capture/Lle-CNas_008.2.fq.gz	4858872	4627754	2177912	2156169	1959119	1905260	95.2434	47.062	99.0017	90.8611	97.2509	39.212
/home/e1garcia/shotgun_PIRE/pire_cssl_data_processing/leiognathus_leuciscus/raw_fq_capture/Lle-CNas_009.1.fq.gz	5568716	5250302	2588182	2563645	2349709	2296283	94.2821	49.2959	99.052	91.655	97.7263	41.2354
/home/e1garcia/shotgun_PIRE/pire_cssl_data_processing/leiognathus_leuciscus/raw_fq_capture/Lle-CNas_009.2.fq.gz	5568716	5250302	2588182	2563645	2346309	2296283	94.2821	49.2959	99.052	91.5224	97.8679	41.2354
/home/e1garcia/shotgun_PIRE/pire_cssl_data_processing/leiognathus_leuciscus/raw_fq_capture/Lle-CNas_010.1.fq.gz	4195553	4041728	1901835	1882998	1709531	1663800	96.3336	47.055	99.0095	90.7877	97.3249	39.6563
/home/e1garcia/shotgun_PIRE/pire_cssl_data_processing/leiognathus_leuciscus/raw_fq_capture/Lle-CNas_010.2.fq.gz	4195553	4041728	1901835	1882998	1707858	1663800	96.3336	47.055	99.0095	90.6989	97.4203	39.6563
/home/e1garcia/shotgun_PIRE/pire_cssl_data_processing/leiognathus_leuciscus/raw_fq_capture/Lle-CNas_011.1.fq.gz	3820067	3608546	1801973	1783666	1615467	1570286	94.4629	49.9363	98.9841	90.57	97.2032	41.1062
/home/e1garcia/shotgun_PIRE/pire_cssl_data_processing/leiognathus_leuciscus/raw_fq_capture/Lle-CNas_011.2.fq.gz	3820067	3608546	1801973	1783666	1614649	1570286	94.4629	49.9363	98.9841	90.5242	97.2525	41.1062
/home/e1garcia/shotgun_PIRE/pire_cssl_data_processing/leiognathus_leuciscus/raw_fq_capture/Lle-CNas_012.1.fq.gz	5956027	5728633	3024706	2994830	2728828	2654994	96.1821	52.7998	99.0123	91.118	97.2943	44.5766
/home/e1garcia/shotgun_PIRE/pire_cssl_data_processing/leiognathus_leuciscus/raw_fq_capture/Lle-CNas_012.2.fq.gz	5956027	5728633	3024706	2994830	2727406	2654994	96.1821	52.7998	99.0123	91.0705	97.345	44.5766
/home/e1garcia/shotgun_PIRE/pire_cssl_data_processing/leiognathus_leuciscus/raw_fq_capture/Lle-CNas_013.1.fq.gz	3643749	3537952	1758344	1742690	1600132	1561993	97.0965	49.6995	99.1097	91.8197	97.6165	42.8677
/home/e1garcia/shotgun_PIRE/pire_cssl_data_processing/leiognathus_leuciscus/raw_fq_capture/Lle-CNas_013.2.fq.gz	3643749	3537952	1758344	1742690	1598729	1561993	97.0965	49.6995	99.1097	91.7392	97.7022	42.8677
/home/e1garcia/shotgun_PIRE/pire_cssl_data_processing/leiognathus_leuciscus/raw_fq_capture/Lle-CNas_014.1.fq.gz	7137003	6984504	3062607	3032027	2781831	2711693	97.8633	43.8486	99.0015	91.7482	97.4787	37.9948
/home/e1garcia/shotgun_PIRE/pire_cssl_data_processing/leiognathus_leuciscus/raw_fq_capture/Lle-CNas_014.2.fq.gz	7137003	6984504	3062607	3032027	2778206	2711693	97.8633	43.8486	99.0015	91.6287	97.6059	37.9948
/home/e1garcia/shotgun_PIRE/pire_cssl_data_processing/leiognathus_leuciscus/raw_fq_capture/Lle-CNas_015.1.fq.gz	4583561	4448096	2095350	2070867	1888354	1842470	97.0445	47.1067	98.8316	91.1866	97.5702	40.1973
/home/e1garcia/shotgun_PIRE/pire_cssl_data_processing/leiognathus_leuciscus/raw_fq_capture/Lle-CNas_015.2.fq.gz	4583561	4448096	2095350	2070867	1886319	1842470	97.0445	47.1067	98.8316	91.0884	97.6754	40.1973
/home/e1garcia/shotgun_PIRE/pire_cssl_data_processing/leiognathus_leuciscus/raw_fq_capture/Lle-CNas_016.1.fq.gz	6726950	6374909	2900167	2870995	2599728	2534490	94.7667	45.4935	98.9941	90.5515	97.4906	37.6767
/home/e1garcia/shotgun_PIRE/pire_cssl_data_processing/leiognathus_leuciscus/raw_fq_capture/Lle-CNas_016.2.fq.gz	6726950	6374909	2900167	2870995	2598517	2534490	94.7667	45.4935	98.9941	90.5093	97.536	37.6767
/home/e1garcia/shotgun_PIRE/pire_cssl_data_processing/leiognathus_leuciscus/raw_fq_capture/Lle-CNas_017.1.fq.gz	11709329	11278778	5272082	5218624	4649335	4536305	96.323	46.7434	98.986	89.0912	97.5689	38.7409
/home/e1garcia/shotgun_PIRE/pire_cssl_data_processing/leiognathus_leuciscus/raw_fq_capture/Lle-CNas_017.2.fq.gz	11709329	11278778	5272082	5218624	4643101	4536305	96.323	46.7434	98.986	88.9717	97.6999	38.7409
/home/e1garcia/shotgun_PIRE/pire_cssl_data_processing/leiognathus_leuciscus/raw_fq_capture/Lle-CNas_018.1.fq.gz	4963185	4741037	2314802	2293574	2073343	2017753	95.5241	48.8248	99.0829	90.3979	97.3188	40.6544
/home/e1garcia/shotgun_PIRE/pire_cssl_data_processing/leiognathus_leuciscus/raw_fq_capture/Lle-CNas_018.2.fq.gz	4963185	4741037	2314802	2293574	2071305	2017753	95.5241	48.8248	99.0829	90.3091	97.4146	40.6544
/home/e1garcia/shotgun_PIRE/pire_cssl_data_processing/leiognathus_leuciscus/raw_fq_capture/Lle-CNas_019.1.fq.gz	3426179	3266064	1619504	1604061	1464132	1426560	95.3267	49.5858	99.0464	91.2766	97.4338	41.6371
/home/e1garcia/shotgun_PIRE/pire_cssl_data_processing/leiognathus_leuciscus/raw_fq_capture/Lle-CNas_019.2.fq.gz	3426179	3266064	1619504	1604061	1462442	1426560	95.3267	49.5858	99.0464	91.1712	97.5464	41.6371
/home/e1garcia/shotgun_PIRE/pire_cssl_data_processing/leiognathus_leuciscus/raw_fq_capture/Lle-CNas_020.1.fq.gz	4838770	4637381	2273158	2249745	2041516	1984045	95.838	49.0181	98.97	90.7443	97.1849	41.0031
/home/e1garcia/shotgun_PIRE/pire_cssl_data_processing/leiognathus_leuciscus/raw_fq_capture/Lle-CNas_020.2.fq.gz	4838770	4637381	2273158	2249745	2038886	1984045	95.838	49.0181	98.97	90.6274	97.3102	41.0031
/home/e1garcia/shotgun_PIRE/pire_cssl_data_processing/leiognathus_leuciscus/raw_fq_capture/Lle-CNas_021.1.fq.gz	8970214	8533690	4066503	4024126	3669278	3571547	95.1336	47.6523	98.9579	91.182	97.3365	39.8156
/home/e1garcia/shotgun_PIRE/pire_cssl_data_processing/leiognathus_leuciscus/raw_fq_capture/Lle-CNas_021.2.fq.gz	8970214	8533690	4066503	4024126	3663116	3571547	95.1336	47.6523	98.9579	91.0289	97.5002	39.8156
/home/e1garcia/shotgun_PIRE/pire_cssl_data_processing/leiognathus_leuciscus/raw_fq_capture/Lle-CNas_022.1.fq.gz	4887218	4679969	2238239	2217060	2025413	1974293	95.7594	47.8259	99.0538	91.3558	97.4761	40.3971
/home/e1garcia/shotgun_PIRE/pire_cssl_data_processing/leiognathus_leuciscus/raw_fq_capture/Lle-CNas_022.2.fq.gz	4887218	4679969	2238239	2217060	2023285	1974293	95.7594	47.8259	99.0538	91.2598	97.5786	40.3971
/home/e1garcia/shotgun_PIRE/pire_cssl_data_processing/leiognathus_leuciscus/raw_fq_capture/Lle-CNas_023.1.fq.gz	7803519	7487062	3556826	3517738	3211117	3126107	95.9447	47.5063	98.901	91.2836	97.3526	40.0602
/home/e1garcia/shotgun_PIRE/pire_cssl_data_processing/leiognathus_leuciscus/raw_fq_capture/Lle-CNas_023.2.fq.gz	7803519	7487062	3556826	3517738	3208198	3126107	95.9447	47.5063	98.901	91.2006	97.4412	40.0602
/home/e1garcia/shotgun_PIRE/pire_cssl_data_processing/leiognathus_leuciscus/raw_fq_capture/Lle-CNas_024.1.fq.gz	4476860	4361677	1977935	1957688	1794051	1749701	97.4271	45.348	98.9764	91.6413	97.5279	39.0832
/home/e1garcia/shotgun_PIRE/pire_cssl_data_processing/leiognathus_leuciscus/raw_fq_capture/Lle-CNas_024.2.fq.gz	4476860	4361677	1977935	1957688	1793131	1749701	97.4271	45.348	98.9764	91.5943	97.578	39.0832
/home/e1garcia/shotgun_PIRE/pire_cssl_data_processing/leiognathus_leuciscus/raw_fq_capture/Lle-CNas_025.1.fq.gz	5202327	5043339	2402132	2379356	2166331	2108410	96.9439	47.6298	99.0518	91.0469	97.3263	40.5282
/home/e1garcia/shotgun_PIRE/pire_cssl_data_processing/leiognathus_leuciscus/raw_fq_capture/Lle-CNas_025.2.fq.gz	5202327	5043339	2402132	2379356	2165239	2108410	96.9439	47.6298	99.0518	91.0011	97.3754	40.5282
/home/e1garcia/shotgun_PIRE/pire_cssl_data_processing/leiognathus_leuciscus/raw_fq_capture/Lle-CNas_026.1.fq.gz	1640164	1525365	872752	864387	778325	757201	93.0008	57.2159	99.0415	90.0436	97.286	46.1662
/home/e1garcia/shotgun_PIRE/pire_cssl_data_processing/leiognathus_leuciscus/raw_fq_capture/Lle-CNas_026.2.fq.gz	1640164	1525365	872752	864387	777667	757201	93.0008	57.2159	99.0415	89.9675	97.3683	46.1662
/home/e1garcia/shotgun_PIRE/pire_cssl_data_processing/leiognathus_leuciscus/raw_fq_capture/Lle-CNas_027.1.fq.gz	4270271	4056491	1929623	1910858	1738255	1689734	94.9938	47.5688	99.0275	90.9673	97.2086	39.5697
/home/e1garcia/shotgun_PIRE/pire_cssl_data_processing/leiognathus_leuciscus/raw_fq_capture/Lle-CNas_027.2.fq.gz	4270271	4056491	1929623	1910858	1737745	1689734	94.9938	47.5688	99.0275	90.9406	97.2372	39.5697
/home/e1garcia/shotgun_PIRE/pire_cssl_data_processing/leiognathus_leuciscus/raw_fq_capture/Lle-CNas_028.1.fq.gz	5540840	5342376	2343761	2321151	2110080	2052211	96.4182	43.8711	99.0353	90.9066	97.2575	37.0379
/home/e1garcia/shotgun_PIRE/pire_cssl_data_processing/leiognathus_leuciscus/raw_fq_capture/Lle-CNas_028.2.fq.gz	5540840	5342376	2343761	2321151	2108721	2052211	96.4182	43.8711	99.0353	90.8481	97.3202	37.0379
/home/e1garcia/shotgun_PIRE/pire_cssl_data_processing/leiognathus_leuciscus/raw_fq_capture/Lle-CNas_029.1.fq.gz	3284496	3132622	1434421	1420134	1291765	1256791	95.376	45.7898	99.004	90.9608	97.2925	38.2643
/home/e1garcia/shotgun_PIRE/pire_cssl_data_processing/leiognathus_leuciscus/raw_fq_capture/Lle-CNas_029.2.fq.gz	3284496	3132622	1434421	1420134	1290670	1256791	95.376	45.7898	99.004	90.8837	97.3751	38.2643
/home/e1garcia/shotgun_PIRE/pire_cssl_data_processing/leiognathus_leuciscus/raw_fq_capture/Lle-CNas_030.1.fq.gz	5691809	5467783	2695084	2667387	2438302	2374514	96.0641	49.2903	98.9723	91.4116	97.3839	41.7181
/home/e1garcia/shotgun_PIRE/pire_cssl_data_processing/leiognathus_leuciscus/raw_fq_capture/Lle-CNas_030.2.fq.gz	5691809	5467783	2695084	2667387	2435511	2374514	96.0641	49.2903	98.9723	91.307	97.4955	41.7181
/home/e1garcia/shotgun_PIRE/pire_cssl_data_processing/leiognathus_leuciscus/raw_fq_capture/Lle-CNas_031.1.fq.gz	2383569	2202272	999892	989137	895609	870627	92.3939	45.4027	98.9244	90.5445	97.2106	36.5262
/home/e1garcia/shotgun_PIRE/pire_cssl_data_processing/leiognathus_leuciscus/raw_fq_capture/Lle-CNas_031.2.fq.gz	2383569	2202272	999892	989137	895237	870627	92.3939	45.4027	98.9244	90.5069	97.251	36.5262
/home/e1garcia/shotgun_PIRE/pire_cssl_data_processing/leiognathus_leuciscus/raw_fq_capture/Lle-CNas_032.1.fq.gz	4662418	4499808	1997921	1976926	1812804	1765803	96.5123	44.4001	98.9492	91.6981	97.4073	37.8731
/home/e1garcia/shotgun_PIRE/pire_cssl_data_processing/leiognathus_leuciscus/raw_fq_capture/Lle-CNas_032.2.fq.gz	4662418	4499808	1997921	1976926	1811568	1765803	96.5123	44.4001	98.9492	91.6356	97.4737	37.8731
/home/e1garcia/shotgun_PIRE/pire_cssl_data_processing/leiognathus_leuciscus/raw_fq_capture/Lle-CNas_033.1.fq.gz	12413371	11971899	6064420	6002705	5444855	5299103	96.4436	50.6555	98.9823	90.7067	97.3231	42.6887
/home/e1garcia/shotgun_PIRE/pire_cssl_data_processing/leiognathus_leuciscus/raw_fq_capture/Lle-CNas_033.2.fq.gz	12413371	11971899	6064420	6002705	5436967	5299103	96.4436	50.6555	98.9823	90.5753	97.4643	42.6887
/home/e1garcia/shotgun_PIRE/pire_cssl_data_processing/leiognathus_leuciscus/raw_fq_capture/Lle-CNas_034.1.fq.gz	4204953	4082403	1890022	1871426	1711250	1664576	97.0856	46.2968	99.0161	91.441	97.2725	39.5861
/home/e1garcia/shotgun_PIRE/pire_cssl_data_processing/leiognathus_leuciscus/raw_fq_capture/Lle-CNas_034.2.fq.gz	4204953	4082403	1890022	1871426	1708189	1664576	97.0856	46.2968	99.0161	91.2774	97.4468	39.5861
/home/e1garcia/shotgun_PIRE/pire_cssl_data_processing/leiognathus_leuciscus/raw_fq_capture/Lle-CNas_035.1.fq.gz	7409053	6951763	3383381	3340127	3033022	2931187	93.828	48.6694	98.7216	90.8056	96.6425	39.5622
/home/e1garcia/shotgun_PIRE/pire_cssl_data_processing/leiognathus_leuciscus/raw_fq_capture/Lle-CNas_035.2.fq.gz	7409053	6951763	3383381	3340127	3030339	2931187	93.828	48.6694	98.7216	90.7253	96.728	39.5622
/home/e1garcia/shotgun_PIRE/pire_cssl_data_processing/leiognathus_leuciscus/raw_fq_capture/Lle-CNas_036.1.fq.gz	5396680	5278854	2441358	2417540	2215698	2161111	97.8167	46.2479	99.0244	91.6509	97.5364	40.0452
/home/e1garcia/shotgun_PIRE/pire_cssl_data_processing/leiognathus_leuciscus/raw_fq_capture/Lle-CNas_036.2.fq.gz	5396680	5278854	2441358	2417540	2212773	2161111	97.8167	46.2479	99.0244	91.5299	97.6653	40.0452
/home/e1garcia/shotgun_PIRE/pire_cssl_data_processing/leiognathus_leuciscus/raw_fq_capture/Lle-CNas_037.1.fq.gz	5884794	5638147	2831468	2803480	2553816	2487371	95.8087	50.2198	99.0115	91.0945	97.3982	42.2678
/home/e1garcia/shotgun_PIRE/pire_cssl_data_processing/leiognathus_leuciscus/raw_fq_capture/Lle-CNas_037.2.fq.gz	5884794	5638147	2831468	2803480	2548792	2487371	95.8087	50.2198	99.0115	90.9153	97.5902	42.2678
/home/e1garcia/shotgun_PIRE/pire_cssl_data_processing/leiognathus_leuciscus/raw_fq_capture/Lle-CNas_038.1.fq.gz	7826990	7504393	3896111	3858479	3484471	3385147	95.8784	51.9177	99.0341	90.3069	97.1495	43.2497
/home/e1garcia/shotgun_PIRE/pire_cssl_data_processing/leiognathus_leuciscus/raw_fq_capture/Lle-CNas_038.2.fq.gz	7826990	7504393	3896111	3858479	3480599	3385147	95.8784	51.9177	99.0341	90.2065	97.2576	43.2497
/home/e1garcia/shotgun_PIRE/pire_cssl_data_processing/leiognathus_leuciscus/raw_fq_capture/Lle-CNas_039.1.fq.gz	4821146	4664534	2224353	2201526	1986951	1926250	96.7516	47.6865	98.9738	90.2534	96.945	39.9542
/home/e1garcia/shotgun_PIRE/pire_cssl_data_processing/leiognathus_leuciscus/raw_fq_capture/Lle-CNas_039.2.fq.gz	4821146	4664534	2224353	2201526	1985894	1926250	96.7516	47.6865	98.9738	90.2053	96.9966	39.9542
/home/e1garcia/shotgun_PIRE/pire_cssl_data_processing/leiognathus_leuciscus/raw_fq_capture/Lle-CNas_040.1.fq.gz	6810635	6552733	3119629	3092309	2797703	2734433	96.2132	47.6081	99.1243	90.4729	97.7385	40.1495
/home/e1garcia/shotgun_PIRE/pire_cssl_data_processing/leiognathus_leuciscus/raw_fq_capture/Lle-CNas_040.2.fq.gz	6810635	6552733	3119629	3092309	2795461	2734433	96.2132	47.6081	99.1243	90.4004	97.8169	40.1495
/home/e1garcia/shotgun_PIRE/pire_cssl_data_processing/leiognathus_leuciscus/raw_fq_capture/Lle-CNas_041.1.fq.gz	6253734	6079960	3123781	3098097	2774636	2703569	97.2213	51.3783	99.1778	89.5594	97.4387	43.2313
/home/e1garcia/shotgun_PIRE/pire_cssl_data_processing/leiognathus_leuciscus/raw_fq_capture/Lle-CNas_041.2.fq.gz	6253734	6079960	3123781	3098097	2771757	2703569	97.2213	51.3783	99.1778	89.4664	97.5399	43.2313
/home/e1garcia/shotgun_PIRE/pire_cssl_data_processing/leiognathus_leuciscus/raw_fq_capture/Lle-CNas_042.1.fq.gz	9258534	8922937	4598775	4550419	4081767	3969839	96.3753	51.5388	98.9485	89.7009	97.2579	42.8776
/home/e1garcia/shotgun_PIRE/pire_cssl_data_processing/leiognathus_leuciscus/raw_fq_capture/Lle-CNas_042.2.fq.gz	9258534	8922937	4598775	4550419	4075334	3969839	96.3753	51.5388	98.9485	89.5595	97.4114	42.8776
/home/e1garcia/shotgun_PIRE/pire_cssl_data_processing/leiognathus_leuciscus/raw_fq_capture/Lle-CNas_043.1.fq.gz	1509800	1450731	671249	664903	608985	593653	96.0876	46.2697	99.0546	91.5901	97.4824	39.32
/home/e1garcia/shotgun_PIRE/pire_cssl_data_processing/leiognathus_leuciscus/raw_fq_capture/Lle-CNas_043.2.fq.gz	1509800	1450731	671249	664903	608658	593653	96.0876	46.2697	99.0546	91.5409	97.5347	39.32
/home/e1garcia/shotgun_PIRE/pire_cssl_data_processing/leiognathus_leuciscus/raw_fq_capture/Lle-CNas_044.1.fq.gz	5148918	4857108	2406460	2383146	2154688	2100024	94.3326	49.5451	99.0312	90.4136	97.463	40.7857
/home/e1garcia/shotgun_PIRE/pire_cssl_data_processing/leiognathus_leuciscus/raw_fq_capture/Lle-CNas_044.2.fq.gz	5148918	4857108	2406460	2383146	2152790	2100024	94.3326	49.5451	99.0312	90.334	97.5489	40.7857
/home/e1garcia/shotgun_PIRE/pire_cssl_data_processing/leiognathus_leuciscus/raw_fq_capture/Lle-CNas_045.1.fq.gz	8369122	7931669	4114137	4073240	3695489	3584778	94.773	51.8698	99.0059	90.726	97.0042	42.8334
/home/e1garcia/shotgun_PIRE/pire_cssl_data_processing/leiognathus_leuciscus/raw_fq_capture/Lle-CNas_045.2.fq.gz	8369122	7931669	4114137	4073240	3690823	3584778	94.773	51.8698	99.0059	90.6115	97.1268	42.8334
/home/e1garcia/shotgun_PIRE/pire_cssl_data_processing/leiognathus_leuciscus/raw_fq_capture/Lle-CNas_046.1.fq.gz	4800792	4657466	2154105	2132295	1944487	1889794	97.0145	46.2506	98.9875	91.1922	97.1873	39.3642
/home/e1garcia/shotgun_PIRE/pire_cssl_data_processing/leiognathus_leuciscus/raw_fq_capture/Lle-CNas_046.2.fq.gz	4800792	4657466	2154105	2132295	1942296	1889794	97.0145	46.2506	98.9875	91.0895	97.2969	39.3642
/home/e1garcia/shotgun_PIRE/pire_cssl_data_processing/leiognathus_leuciscus/raw_fq_capture/Lle-CNas_047.1.fq.gz	4036490	3799063	1742201	1722759	1558409	1516569	94.118	45.8587	98.8841	90.4601	97.3152	37.5715
/home/e1garcia/shotgun_PIRE/pire_cssl_data_processing/leiognathus_leuciscus/raw_fq_capture/Lle-CNas_047.2.fq.gz	4036490	3799063	1742201	1722759	1556065	1516569	94.118	45.8587	98.8841	90.324	97.4618	37.5715
/home/e1garcia/shotgun_PIRE/pire_cssl_data_processing/leiognathus_leuciscus/raw_fq_capture/Lle-CNas_048.1.fq.gz	5053850	4904666	2227140	2203427	2018049	1966953	97.0481	45.4086	98.9353	91.5868	97.468	38.9199
/home/e1garcia/shotgun_PIRE/pire_cssl_data_processing/leiognathus_leuciscus/raw_fq_capture/Lle-CNas_048.2.fq.gz	5053850	4904666	2227140	2203427	2015635	1966953	97.0481	45.4086	98.9353	91.4773	97.5848	38.9199
/home/e1garcia/shotgun_PIRE/pire_cssl_data_processing/leiognathus_leuciscus/raw_fq_capture/Lle-CNas_049.1.fq.gz	3582526	3482878	1561302	1546093	1419864	1383019	97.2185	44.8279	99.0259	91.8356	97.405	38.6046
/home/e1garcia/shotgun_PIRE/pire_cssl_data_processing/leiognathus_leuciscus/raw_fq_capture/Lle-CNas_049.2.fq.gz	3582526	3482878	1561302	1546093	1418830	1383019	97.2185	44.8279	99.0259	91.7687	97.476	38.6046
/home/e1garcia/shotgun_PIRE/pire_cssl_data_processing/leiognathus_leuciscus/raw_fq_capture/Lle-CNas_050.1.fq.gz	5057481	4860109	2224923	2203717	1994401	1939665	96.0974	45.7793	99.0469	90.5017	97.2555	38.3524
/home/e1garcia/shotgun_PIRE/pire_cssl_data_processing/leiognathus_leuciscus/raw_fq_capture/Lle-CNas_050.2.fq.gz	5057481	4860109	2224923	2203717	1992519	1939665	96.0974	45.7793	99.0469	90.4163	97.3474	38.3524
/home/e1garcia/shotgun_PIRE/pire_cssl_data_processing/leiognathus_leuciscus/raw_fq_capture/Lle-CNas_051.1.fq.gz	3987859	3883289	1911651	1890569	1731123	1682287	97.3778	49.2276	98.8972	91.5662	97.1789	42.1852
/home/e1garcia/shotgun_PIRE/pire_cssl_data_processing/leiognathus_leuciscus/raw_fq_capture/Lle-CNas_051.2.fq.gz	3987859	3883289	1911651	1890569	1728560	1682287	97.3778	49.2276	98.8972	91.4307	97.323	42.1852
/home/e1garcia/shotgun_PIRE/pire_cssl_data_processing/leiognathus_leuciscus/raw_fq_capture/Lle-CNas_052.1.fq.gz	1998099	1872654	1031751	1021460	924574	899757	93.7218	55.0957	99.0026	90.5149	97.3158	45.0307
/home/e1garcia/shotgun_PIRE/pire_cssl_data_processing/leiognathus_leuciscus/raw_fq_capture/Lle-CNas_052.2.fq.gz	1998099	1872654	1031751	1021460	923376	899757	93.7218	55.0957	99.0026	90.3977	97.4421	45.0307
/home/e1garcia/shotgun_PIRE/pire_cssl_data_processing/leiognathus_leuciscus/raw_fq_capture/Lle-CNas_053.1.fq.gz	5069583	4936839	2314756	2294502	2101832	2050154	97.3816	46.8874	99.125	91.603	97.5413	40.4403
/home/e1garcia/shotgun_PIRE/pire_cssl_data_processing/leiognathus_leuciscus/raw_fq_capture/Lle-CNas_053.2.fq.gz	5069583	4936839	2314756	2294502	2099406	2050154	97.3816	46.8874	99.125	91.4972	97.654	40.4403
/home/e1garcia/shotgun_PIRE/pire_cssl_data_processing/leiognathus_leuciscus/raw_fq_capture/Lle-CNas_054.1.fq.gz	7390048	6973156	3414187	3382636	3002872	2920489	94.3587	48.9619	99.0759	88.7731	97.2565	39.5192
/home/e1garcia/shotgun_PIRE/pire_cssl_data_processing/leiognathus_leuciscus/raw_fq_capture/Lle-CNas_054.2.fq.gz	7390048	6973156	3414187	3382636	2999872	2920489	94.3587	48.9619	99.0759	88.6844	97.3538	39.5192
/home/e1garcia/shotgun_PIRE/pire_cssl_data_processing/leiognathus_leuciscus/raw_fq_capture/Lle-CNas_055.1.fq.gz	4390072	4232470	1960532	1941176	1765581	1718253	96.41	46.3212	99.0127	90.9542	97.3194	39.1395
/home/e1garcia/shotgun_PIRE/pire_cssl_data_processing/leiognathus_leuciscus/raw_fq_capture/Lle-CNas_055.2.fq.gz	4390072	4232470	1960532	1941176	1763741	1718253	96.41	46.3212	99.0127	90.8594	97.4209	39.1395
/home/e1garcia/shotgun_PIRE/pire_cssl_data_processing/leiognathus_leuciscus/raw_fq_capture/Lle-CNas_056.1.fq.gz	10203986	9741193	5128113	5076507	4577546	4434896	95.4646	52.6436	98.9937	90.1712	96.8837	43.4624
/home/e1garcia/shotgun_PIRE/pire_cssl_data_processing/leiognathus_leuciscus/raw_fq_capture/Lle-CNas_056.2.fq.gz	10203986	9741193	5128113	5076507	4570076	4434896	95.4646	52.6436	98.9937	90.024	97.0421	43.4624
/home/e1garcia/shotgun_PIRE/pire_cssl_data_processing/leiognathus_leuciscus/raw_fq_capture/Lle-CNas_057.1.fq.gz	5287748	5157212	2355873	2332529	2133384	2081585	97.5313	45.6811	99.0091	91.4623	97.572	39.3662
/home/e1garcia/shotgun_PIRE/pire_cssl_data_processing/leiognathus_leuciscus/raw_fq_capture/Lle-CNas_057.2.fq.gz	5287748	5157212	2355873	2332529	2132028	2081585	97.5313	45.6811	99.0091	91.4041	97.634	39.3662
/home/e1garcia/shotgun_PIRE/pire_cssl_data_processing/leiognathus_leuciscus/raw_fq_capture/Lle-CNas_058.1.fq.gz	5401255	5232000	2332118	2310016	2093776	2037707	96.8664	44.5741	99.0523	90.639	97.3221	37.7265
/home/e1garcia/shotgun_PIRE/pire_cssl_data_processing/leiognathus_leuciscus/raw_fq_capture/Lle-CNas_058.2.fq.gz	5401255	5232000	2332118	2310016	2092033	2037707	96.8664	44.5741	99.0523	90.5636	97.4032	37.7265
/home/e1garcia/shotgun_PIRE/pire_cssl_data_processing/leiognathus_leuciscus/raw_fq_capture/Lle-CNas_059.1.fq.gz	5781842	5620556	2532280	2505768	2298153	2238399	97.2105	45.0539	98.953	91.7145	97.3999	38.7143
/home/e1garcia/shotgun_PIRE/pire_cssl_data_processing/leiognathus_leuciscus/raw_fq_capture/Lle-CNas_059.2.fq.gz	5781842	5620556	2532280	2505768	2295738	2238399	97.2105	45.0539	98.953	91.6181	97.5024	38.7143
/home/e1garcia/shotgun_PIRE/pire_cssl_data_processing/leiognathus_leuciscus/raw_fq_capture/Lle-CNas_060.1.fq.gz	3878000	3704569	1744411	1724785	1580238	1538954	95.5278	47.0881	98.8749	91.6194	97.3875	39.6842
/home/e1garcia/shotgun_PIRE/pire_cssl_data_processing/leiognathus_leuciscus/raw_fq_capture/Lle-CNas_060.2.fq.gz	3878000	3704569	1744411	1724785	1577610	1538954	95.5278	47.0881	98.8749	91.4671	97.5497	39.6842
/home/e1garcia/shotgun_PIRE/pire_cssl_data_processing/leiognathus_leuciscus/raw_fq_capture/Lle-CNas_061.1.fq.gz	2619845	2418273	1242849	1230714	1131937	1102882	92.306	51.3941	99.0236	91.974	97.4332	42.0972
/home/e1garcia/shotgun_PIRE/pire_cssl_data_processing/leiognathus_leuciscus/raw_fq_capture/Lle-CNas_061.2.fq.gz	2619845	2418273	1242849	1230714	1131359	1102882	92.306	51.3941	99.0236	91.927	97.4829	42.0972
/home/e1garcia/shotgun_PIRE/pire_cssl_data_processing/leiognathus_leuciscus/raw_fq_capture/Lle-CNas_062.1.fq.gz	3587833	3429232	1744527	1727965	1573664	1532221	95.5795	50.8722	99.0506	91.0704	97.3665	42.706
/home/e1garcia/shotgun_PIRE/pire_cssl_data_processing/leiognathus_leuciscus/raw_fq_capture/Lle-CNas_062.2.fq.gz	3587833	3429232	1744527	1727965	1571442	1532221	95.5795	50.8722	99.0506	90.9418	97.5041	42.706
/home/e1garcia/shotgun_PIRE/pire_cssl_data_processing/leiognathus_leuciscus/raw_fq_capture/Lle-CNas_063.1.fq.gz	2536332	2430698	1291071	1279516	1176325	1143917	95.8352	53.1152	99.105	91.9352	97.245	45.1012
/home/e1garcia/shotgun_PIRE/pire_cssl_data_processing/leiognathus_leuciscus/raw_fq_capture/Lle-CNas_063.2.fq.gz	2536332	2430698	1291071	1279516	1175178	1143917	95.8352	53.1152	99.105	91.8455	97.3399	45.1012
/home/e1garcia/shotgun_PIRE/pire_cssl_data_processing/leiognathus_leuciscus/raw_fq_capture/Lle-CNas_064.1.fq.gz	2693918	2525496	1320458	1307595	1188990	1156773	93.7481	52.2851	99.0259	90.9295	97.2904	42.9402
/home/e1garcia/shotgun_PIRE/pire_cssl_data_processing/leiognathus_leuciscus/raw_fq_capture/Lle-CNas_064.2.fq.gz	2693918	2525496	1320458	1307595	1187683	1156773	93.7481	52.2851	99.0259	90.8296	97.3975	42.9402
/home/e1garcia/shotgun_PIRE/pire_cssl_data_processing/leiognathus_leuciscus/raw_fq_capture/Lle-CNas_065.1.fq.gz	5221419	5043084	2420188	2398163	2181171	2122680	96.5845	47.9902	99.0899	90.9517	97.3184	40.6533
/home/e1garcia/shotgun_PIRE/pire_cssl_data_processing/leiognathus_leuciscus/raw_fq_capture/Lle-CNas_065.2.fq.gz	5221419	5043084	2420188	2398163	2180200	2122680	96.5845	47.9902	99.0899	90.9113	97.3617	40.6533
/home/e1garcia/shotgun_PIRE/pire_cssl_data_processing/leiognathus_leuciscus/raw_fq_capture/Lle-CNas_066.1.fq.gz	2261390	2141955	1116130	1104528	1012391	986141	94.7185	52.108	98.9605	91.6582	97.4071	43.6077
/home/e1garcia/shotgun_PIRE/pire_cssl_data_processing/leiognathus_leuciscus/raw_fq_capture/Lle-CNas_066.2.fq.gz	2261390	2141955	1116130	1104528	1011227	986141	94.7185	52.108	98.9605	91.5529	97.5193	43.6077
/home/e1garcia/shotgun_PIRE/pire_cssl_data_processing/leiognathus_leuciscus/raw_fq_capture/Lle-CNas_067.1.fq.gz	4865006	4712689	2076813	2054854	1882811	1835981	96.8691	44.0685	98.9427	91.6275	97.5128	37.7385
/home/e1garcia/shotgun_PIRE/pire_cssl_data_processing/leiognathus_leuciscus/raw_fq_capture/Lle-CNas_067.2.fq.gz	4865006	4712689	2076813	2054854	1880659	1835981	96.8691	44.0685	98.9427	91.5228	97.6243	37.7385
/home/e1garcia/shotgun_PIRE/pire_cssl_data_processing/leiognathus_leuciscus/raw_fq_capture/Lle-CNas_068.1.fq.gz	12506298	12076380	6487703	6420087	5832967	5662290	96.5624	53.7222	98.9578	90.855	97.0739	45.2755
/home/e1garcia/shotgun_PIRE/pire_cssl_data_processing/leiognathus_leuciscus/raw_fq_capture/Lle-CNas_068.2.fq.gz	12506298	12076380	6487703	6420087	5825209	5662290	96.5624	53.7222	98.9578	90.7341	97.2032	45.2755
/home/e1garcia/shotgun_PIRE/pire_cssl_data_processing/leiognathus_leuciscus/raw_fq_capture/Lle-CNas_069.1.fq.gz	3745734	3635983	1615036	1597444	1461701	1423544	97.07	44.4181	98.9107	91.5025	97.3895	38.0044
/home/e1garcia/shotgun_PIRE/pire_cssl_data_processing/leiognathus_leuciscus/raw_fq_capture/Lle-CNas_069.2.fq.gz	3745734	3635983	1615036	1597444	1460673	1423544	97.07	44.4181	98.9107	91.4381	97.4581	38.0044
/home/e1garcia/shotgun_PIRE/pire_cssl_data_processing/leiognathus_leuciscus/raw_fq_capture/Lle-CNas_070.1.fq.gz	4638805	4462245	1980722	1960717	1785768	1738482	96.1938	44.3885	98.99	91.0773	97.3521	37.4769
/home/e1garcia/shotgun_PIRE/pire_cssl_data_processing/leiognathus_leuciscus/raw_fq_capture/Lle-CNas_070.2.fq.gz	4638805	4462245	1980722	1960717	1784383	1738482	96.1938	44.3885	98.99	91.0067	97.4276	37.4769
/home/e1garcia/shotgun_PIRE/pire_cssl_data_processing/leiognathus_leuciscus/raw_fq_capture/Lle-CNas_071.1.fq.gz	4517397	4356110	2056153	2036309	1852582	1802239	96.4296	47.2016	99.0349	90.9774	97.2825	39.8955
/home/e1garcia/shotgun_PIRE/pire_cssl_data_processing/leiognathus_leuciscus/raw_fq_capture/Lle-CNas_071.2.fq.gz	4517397	4356110	2056153	2036309	1851760	1802239	96.4296	47.2016	99.0349	90.9371	97.3257	39.8955
/home/e1garcia/shotgun_PIRE/pire_cssl_data_processing/leiognathus_leuciscus/raw_fq_capture/Lle-CNas_072.1.fq.gz	5063026	4925709	2324276	2299863	2091875	2034755	97.2878	47.1866	98.9497	90.9565	97.2694	40.1885
/home/e1garcia/shotgun_PIRE/pire_cssl_data_processing/leiognathus_leuciscus/raw_fq_capture/Lle-CNas_072.2.fq.gz	5063026	4925709	2324276	2299863	2089142	2034755	97.2878	47.1866	98.9497	90.8377	97.3967	40.1885
/home/e1garcia/shotgun_PIRE/pire_cssl_data_processing/leiognathus_leuciscus/raw_fq_capture/Lle-CNas_073.1.fq.gz	4999444	4838326	2306405	2283222	2081234	2024726	96.7773	47.6695	98.9948	91.1534	97.2849	40.499
/home/e1garcia/shotgun_PIRE/pire_cssl_data_processing/leiognathus_leuciscus/raw_fq_capture/Lle-CNas_073.2.fq.gz	4999444	4838326	2306405	2283222	2079554	2024726	96.7773	47.6695	98.9948	91.0798	97.3635	40.499
/home/e1garcia/shotgun_PIRE/pire_cssl_data_processing/leiognathus_leuciscus/raw_fq_capture/Lle-CNas_074.1.fq.gz	5056869	4892139	2202534	2180668	1980321	1928277	96.7425	45.0219	99.0072	90.8126	97.3719	38.1318
/home/e1garcia/shotgun_PIRE/pire_cssl_data_processing/leiognathus_leuciscus/raw_fq_capture/Lle-CNas_074.2.fq.gz	5056869	4892139	2202534	2180668	1979003	1928277	96.7425	45.0219	99.0072	90.7521	97.4368	38.1318
/home/e1garcia/shotgun_PIRE/pire_cssl_data_processing/leiognathus_leuciscus/raw_fq_capture/Lle-CNas_075.1.fq.gz	5498132	5318705	2290134	2267390	2045476	1986463	96.7366	43.0581	99.0069	90.2128	97.115	36.1298
/home/e1garcia/shotgun_PIRE/pire_cssl_data_processing/leiognathus_leuciscus/raw_fq_capture/Lle-CNas_075.2.fq.gz	5498132	5318705	2290134	2267390	2043282	1986463	96.7366	43.0581	99.0069	90.116	97.2192	36.1298
/home/e1garcia/shotgun_PIRE/pire_cssl_data_processing/leiognathus_leuciscus/raw_fq_capture/Lle-CNas_076.1.fq.gz	5309464	5143002	2480119	2454967	2230159	2170245	96.8648	48.2232	98.9859	90.8427	97.3135	40.875
/home/e1garcia/shotgun_PIRE/pire_cssl_data_processing/leiognathus_leuciscus/raw_fq_capture/Lle-CNas_076.2.fq.gz	5309464	5143002	2480119	2454967	2228324	2170245	96.8648	48.2232	98.9859	90.768	97.3936	40.875
/home/e1garcia/shotgun_PIRE/pire_cssl_data_processing/leiognathus_leuciscus/raw_fq_capture/Lle-CNas_077.1.fq.gz	3922039	3709854	1817925	1800852	1624476	1579077	94.5899	49.0026	99.0609	90.206	97.2053	40.2616
/home/e1garcia/shotgun_PIRE/pire_cssl_data_processing/leiognathus_leuciscus/raw_fq_capture/Lle-CNas_077.2.fq.gz	3922039	3709854	1817925	1800852	1622933	1579077	94.5899	49.0026	99.0609	90.1203	97.2977	40.2616
/home/e1garcia/shotgun_PIRE/pire_cssl_data_processing/leiognathus_leuciscus/raw_fq_capture/Lle-CNas_078.1.fq.gz	4764855	4647701	2059677	2037496	1873233	1828032	97.5413	44.316	98.9231	91.938	97.587	38.3649
/home/e1garcia/shotgun_PIRE/pire_cssl_data_processing/leiognathus_leuciscus/raw_fq_capture/Lle-CNas_078.2.fq.gz	4764855	4647701	2059677	2037496	1871259	1828032	97.5413	44.316	98.9231	91.8411	97.69	38.3649
/home/e1garcia/shotgun_PIRE/pire_cssl_data_processing/leiognathus_leuciscus/raw_fq_capture/Lle-CNas_079.1.fq.gz	6429091	6191757	3133671	3102769	2812623	2734533	96.3084	50.6104	99.0139	90.6488	97.2236	42.5337
/home/e1garcia/shotgun_PIRE/pire_cssl_data_processing/leiognathus_leuciscus/raw_fq_capture/Lle-CNas_079.2.fq.gz	6429091	6191757	3133671	3102769	2810049	2734533	96.3084	50.6104	99.0139	90.5658	97.3126	42.5337
/home/e1garcia/shotgun_PIRE/pire_cssl_data_processing/leiognathus_leuciscus/raw_fq_capture/Lle-CNas_080.1.fq.gz	4416909	4049765	2048673	2026938	1850637	1799005	91.6878	50.5875	98.9391	91.3021	97.21	40.73
/home/e1garcia/shotgun_PIRE/pire_cssl_data_processing/leiognathus_leuciscus/raw_fq_capture/Lle-CNas_080.2.fq.gz	4416909	4049765	2048673	2026938	1847458	1799005	91.6878	50.5875	98.9391	91.1453	97.3773	40.73
/home/e1garcia/shotgun_PIRE/pire_cssl_data_processing/leiognathus_leuciscus/raw_fq_capture/Lle-CNas_081.1.fq.gz	7194294	6980578	3112974	3080294	2780466	2703293	97.0294	44.5948	98.9502	90.2663	97.2245	37.5755
/home/e1garcia/shotgun_PIRE/pire_cssl_data_processing/leiognathus_leuciscus/raw_fq_capture/Lle-CNas_081.2.fq.gz	7194294	6980578	3112974	3080294	2778104	2703293	97.0294	44.5948	98.9502	90.1896	97.3071	37.5755
/home/e1garcia/shotgun_PIRE/pire_cssl_data_processing/leiognathus_leuciscus/raw_fq_capture/Lle-CNas_082.1.fq.gz	4616044	4463113	2029043	2008776	1820771	1771764	96.687	45.4625	99.0012	90.6408	97.3084	38.3827
/home/e1garcia/shotgun_PIRE/pire_cssl_data_processing/leiognathus_leuciscus/raw_fq_capture/Lle-CNas_082.2.fq.gz	4616044	4463113	2029043	2008776	1819920	1771764	96.687	45.4625	99.0012	90.5985	97.3539	38.3827
/home/e1garcia/shotgun_PIRE/pire_cssl_data_processing/leiognathus_leuciscus/raw_fq_capture/Lle-CNas_083.1.fq.gz	6657231	6438621	2994600	2963821	2682870	2606898	96.7162	46.51	98.9722	90.5206	97.1683	39.1589
/home/e1garcia/shotgun_PIRE/pire_cssl_data_processing/leiognathus_leuciscus/raw_fq_capture/Lle-CNas_083.2.fq.gz	6657231	6438621	2994600	2963821	2680107	2606898	96.7162	46.51	98.9722	90.4274	97.2684	39.1589
/home/e1garcia/shotgun_PIRE/pire_cssl_data_processing/leiognathus_leuciscus/raw_fq_capture/Lle-CNas_084.1.fq.gz	6013387	5669361	2760859	2731438	2486255	2416596	94.279	48.6979	98.9344	91.0237	97.1982	40.1869
/home/e1garcia/shotgun_PIRE/pire_cssl_data_processing/leiognathus_leuciscus/raw_fq_capture/Lle-CNas_084.2.fq.gz	6013387	5669361	2760859	2731438	2483274	2416596	94.279	48.6979	98.9344	90.9145	97.3149	40.1869
/home/e1garcia/shotgun_PIRE/pire_cssl_data_processing/leiognathus_leuciscus/raw_fq_capture/Lle-CNas_085.1.fq.gz	5476408	5330902	2530225	2506695	2277387	2219077	97.343	47.4634	99.07	90.8522	97.4396	40.5207
/home/e1garcia/shotgun_PIRE/pire_cssl_data_processing/leiognathus_leuciscus/raw_fq_capture/Lle-CNas_085.2.fq.gz	5476408	5330902	2530225	2506695	2275134	2219077	97.343	47.4634	99.07	90.7623	97.5361	40.5207
/home/e1garcia/shotgun_PIRE/pire_cssl_data_processing/leiognathus_leuciscus/raw_fq_capture/Lle-CNas_086.1.fq.gz	4359498	4149083	1958942	1940395	1759189	1710886	95.1734	47.2139	99.0532	90.6614	97.2542	39.245
/home/e1garcia/shotgun_PIRE/pire_cssl_data_processing/leiognathus_leuciscus/raw_fq_capture/Lle-CNas_086.2.fq.gz	4359498	4149083	1958942	1940395	1757532	1710886	95.1734	47.2139	99.0532	90.576	97.3459	39.245
/home/e1garcia/shotgun_PIRE/pire_cssl_data_processing/leiognathus_leuciscus/raw_fq_capture/Lle-CNas_087.1.fq.gz	4970434	4832154	2066661	2046122	1864796	1813517	97.2179	42.7689	99.0062	91.1381	97.2502	36.4861
/home/e1garcia/shotgun_PIRE/pire_cssl_data_processing/leiognathus_leuciscus/raw_fq_capture/Lle-CNas_087.2.fq.gz	4970434	4832154	2066661	2046122	1863401	1813517	97.2179	42.7689	99.0062	91.0699	97.323	36.4861
/home/e1garcia/shotgun_PIRE/pire_cssl_data_processing/leiognathus_leuciscus/raw_fq_capture/Lle-CNas_088.1.fq.gz	4822398	4648150	2324786	2301965	2083095	2022098	96.3867	50.0153	99.0184	90.492	97.0718	41.9314
/home/e1garcia/shotgun_PIRE/pire_cssl_data_processing/leiognathus_leuciscus/raw_fq_capture/Lle-CNas_088.2.fq.gz	4822398	4648150	2324786	2301965	2082184	2022098	96.3867	50.0153	99.0184	90.4525	97.1143	41.9314
/home/e1garcia/shotgun_PIRE/pire_cssl_data_processing/leiognathus_leuciscus/raw_fq_capture/Lle-CNas_089.1.fq.gz	4508994	4310867	2025722	2005297	1814939	1763419	95.606	46.9911	98.9917	90.5072	97.1613	39.1089
/home/e1garcia/shotgun_PIRE/pire_cssl_data_processing/leiognathus_leuciscus/raw_fq_capture/Lle-CNas_089.2.fq.gz	4508994	4310867	2025722	2005297	1814330	1763419	95.606	46.9911	98.9917	90.4769	97.194	39.1089
/home/e1garcia/shotgun_PIRE/pire_cssl_data_processing/leiognathus_leuciscus/raw_fq_capture/Lle-CNas_090.1.fq.gz	4557544	4347087	2111898	2090148	1908751	1854980	95.3822	48.5819	98.9701	91.3213	97.1829	40.7013
/home/e1garcia/shotgun_PIRE/pire_cssl_data_processing/leiognathus_leuciscus/raw_fq_capture/Lle-CNas_090.2.fq.gz	4557544	4347087	2111898	2090148	1906372	1854980	95.3822	48.5819	98.9701	91.2075	97.3042	40.7013
/home/e1garcia/shotgun_PIRE/pire_cssl_data_processing/leiognathus_leuciscus/raw_fq_capture/Lle-CNas_091.1.fq.gz	3967134	3755552	1817402	1799989	1652460	1609184	94.6666	48.3924	99.0419	91.8039	97.3811	40.5629
/home/e1garcia/shotgun_PIRE/pire_cssl_data_processing/leiognathus_leuciscus/raw_fq_capture/Lle-CNas_091.2.fq.gz	3967134	3755552	1817402	1799989	1650708	1609184	94.6666	48.3924	99.0419	91.7066	97.4845	40.5629
/home/e1garcia/shotgun_PIRE/pire_cssl_data_processing/leiognathus_leuciscus/raw_fq_capture/Lle-CNas_092.1.fq.gz	10571210	10121656	5215392	5163139	4698208	4568094	95.7474	51.5271	98.9981	90.9952	97.2306	43.2126
/home/e1garcia/shotgun_PIRE/pire_cssl_data_processing/leiognathus_leuciscus/raw_fq_capture/Lle-CNas_092.2.fq.gz	10571210	10121656	5215392	5163139	4690564	4568094	95.7474	51.5271	98.9981	90.8471	97.389	43.2126
/home/e1garcia/shotgun_PIRE/pire_cssl_data_processing/leiognathus_leuciscus/raw_fq_capture/Lle-CNas_093.1.fq.gz	2995136	2876501	1555480	1540881	1404897	1373115	96.0391	54.0754	99.0614	91.1749	97.7378	45.8448
/home/e1garcia/shotgun_PIRE/pire_cssl_data_processing/leiognathus_leuciscus/raw_fq_capture/Lle-CNas_093.2.fq.gz	2995136	2876501	1555480	1540881	1403279	1373115	96.0391	54.0754	99.0614	91.0699	97.8505	45.8448
/home/e1garcia/shotgun_PIRE/pire_cssl_data_processing/leiognathus_leuciscus/raw_fq_capture/Lle-CNas_094.1.fq.gz	4721255	4502169	2127094	2106313	1914568	1862420	95.3596	47.246	99.023	90.8967	97.2763	39.4476
/home/e1garcia/shotgun_PIRE/pire_cssl_data_processing/leiognathus_leuciscus/raw_fq_capture/Lle-CNas_094.2.fq.gz	4721255	4502169	2127094	2106313	1913651	1862420	95.3596	47.246	99.023	90.8531	97.3229	39.4476
/home/e1garcia/shotgun_PIRE/pire_cssl_data_processing/leiognathus_leuciscus/raw_fq_capture/Lle-CNas_095.1.fq.gz	10091129	9703015	4957920	4904435	4439129	4307086	96.1539	51.0967	98.9212	90.5125	97.0255	42.6819
/home/e1garcia/shotgun_PIRE/pire_cssl_data_processing/leiognathus_leuciscus/raw_fq_capture/Lle-CNas_095.2.fq.gz	10091129	9703015	4957920	4904435	4435487	4307086	96.1539	51.0967	98.9212	90.4383	97.1051	42.6819
/home/e1garcia/shotgun_PIRE/pire_cssl_data_processing/leiognathus_leuciscus/raw_fq_capture/Lle-CNas_096.1.fq.gz	7774130	7518132	3712035	3677748	3312903	3229599	96.7071	49.3744	99.0763	90.0797	97.4855	41.5429
/home/e1garcia/shotgun_PIRE/pire_cssl_data_processing/leiognathus_leuciscus/raw_fq_capture/Lle-CNas_096.2.fq.gz	7774130	7518132	3712035	3677748	3309662	3229599	96.7071	49.3744	99.0763	89.9915	97.5809	41.5429
