file 	#reads_raw	#reads_fp1	#reads_clmp	#reads_fp2	#reads_fqscrn	#reads_repr	%_readLoss_fp1	%_readLoss_clmp	%_readLoss_fp2	%_readLoss_fqscrn	%_readLoss_repr	%_total_readLoss
/home/e1garcia/shotgun_PIRE/pire_cssl_data_processing/leiognathus_leuciscus/raw_fq_capture/Lle-AHam_001.1.fq.gz	21932929	21299712	3816064	3721610	3220570	3119332	2.88706	82.084	2.47517	13.463	3.14348	85.7779
/home/e1garcia/shotgun_PIRE/pire_cssl_data_processing/leiognathus_leuciscus/raw_fq_capture/Lle-AHam_001.2.fq.gz	21932929	21299712	3816064	3721610	3211609	3119332	2.88706	82.084	2.47517	13.7038	2.87323	85.7779
/home/e1garcia/shotgun_PIRE/pire_cssl_data_processing/leiognathus_leuciscus/raw_fq_capture/Lle-AHam_002.1.fq.gz	19843785	19356234	3654641	3571464	3146536	3052673	2.45695	81.119	2.27593	11.8979	2.98306	84.6165
/home/e1garcia/shotgun_PIRE/pire_cssl_data_processing/leiognathus_leuciscus/raw_fq_capture/Lle-AHam_002.2.fq.gz	19843785	19356234	3654641	3571464	3138409	3052673	2.45695	81.119	2.27593	12.1254	2.73183	84.6165
/home/e1garcia/shotgun_PIRE/pire_cssl_data_processing/leiognathus_leuciscus/raw_fq_capture/Lle-AHam_003.1.fq.gz	23808802	23152256	5112024	5001887	4346079	4218795	2.75758	77.92	2.15447	13.1112	2.92871	82.2805
/home/e1garcia/shotgun_PIRE/pire_cssl_data_processing/leiognathus_leuciscus/raw_fq_capture/Lle-AHam_003.2.fq.gz	23808802	23152256	5112024	5001887	4339031	4218795	2.75758	77.92	2.15447	13.2521	2.77103	82.2805
/home/e1garcia/shotgun_PIRE/pire_cssl_data_processing/leiognathus_leuciscus/raw_fq_capture/Lle-AHam_004.1.fq.gz	23226370	22500582	4984985	4872370	4140336	4004763	3.12484	77.8451	2.25908	15.0242	3.27444	82.7577
/home/e1garcia/shotgun_PIRE/pire_cssl_data_processing/leiognathus_leuciscus/raw_fq_capture/Lle-AHam_004.2.fq.gz	23226370	22500582	4984985	4872370	4131486	4004763	3.12484	77.8451	2.25908	15.2058	3.06725	82.7577
/home/e1garcia/shotgun_PIRE/pire_cssl_data_processing/leiognathus_leuciscus/raw_fq_capture/Lle-AHam_005.1.fq.gz	22151680	21566376	4716705	4608961	3969088	3839570	2.64226	78.1294	2.28431	13.8832	3.26317	82.6669
/home/e1garcia/shotgun_PIRE/pire_cssl_data_processing/leiognathus_leuciscus/raw_fq_capture/Lle-AHam_005.2.fq.gz	22151680	21566376	4716705	4608961	3958189	3839570	2.64226	78.1294	2.28431	14.1197	2.9968	82.6669
/home/e1garcia/shotgun_PIRE/pire_cssl_data_processing/leiognathus_leuciscus/raw_fq_capture/Lle-AHam_006.1.fq.gz	24665007	24026902	5807901	5688425	4737320	4578542	2.58709	75.8275	2.05713	16.72	3.35164	81.4371
/home/e1garcia/shotgun_PIRE/pire_cssl_data_processing/leiognathus_leuciscus/raw_fq_capture/Lle-AHam_006.2.fq.gz	24665007	24026902	5807901	5688425	4727085	4578542	2.58709	75.8275	2.05713	16.8999	3.14238	81.4371
/home/e1garcia/shotgun_PIRE/pire_cssl_data_processing/leiognathus_leuciscus/raw_fq_capture/Lle-AHam_007.1.fq.gz	18496683	17864728	3282058	3206971	2794285	2712872	3.41659	81.6283	2.2878	12.8684	2.91355	85.3332
/home/e1garcia/shotgun_PIRE/pire_cssl_data_processing/leiognathus_leuciscus/raw_fq_capture/Lle-AHam_007.2.fq.gz	18496683	17864728	3282058	3206971	2789681	2712872	3.41659	81.6283	2.2878	13.012	2.75333	85.3332
/home/e1garcia/shotgun_PIRE/pire_cssl_data_processing/leiognathus_leuciscus/raw_fq_capture/Lle-AHam_008.1.fq.gz	7032936	6786249	2031069	1996979	1751942	1703075	3.5076	70.0708	1.67843	12.2704	2.7893	75.7843
/home/e1garcia/shotgun_PIRE/pire_cssl_data_processing/leiognathus_leuciscus/raw_fq_capture/Lle-AHam_008.2.fq.gz	7032936	6786249	2031069	1996979	1749718	1703075	3.5076	70.0708	1.67843	12.3818	2.66574	75.7843
/home/e1garcia/shotgun_PIRE/pire_cssl_data_processing/leiognathus_leuciscus/raw_fq_capture/Lle-AHam_009.1.fq.gz	18956050	18433179	3655513	3583288	3112809	3017611	2.75833	80.1688	1.97578	13.1298	3.05827	84.081
/home/e1garcia/shotgun_PIRE/pire_cssl_data_processing/leiognathus_leuciscus/raw_fq_capture/Lle-AHam_009.2.fq.gz	18956050	18433179	3655513	3583288	3107413	3017611	2.75833	80.1688	1.97578	13.2804	2.88993	84.081
/home/e1garcia/shotgun_PIRE/pire_cssl_data_processing/leiognathus_leuciscus/raw_fq_capture/Lle-AHam_010.1.fq.gz	24876944	24309505	5285080	5187261	4403778	4252057	2.28098	78.2592	1.85085	15.104	3.44525	82.9076
/home/e1garcia/shotgun_PIRE/pire_cssl_data_processing/leiognathus_leuciscus/raw_fq_capture/Lle-AHam_010.2.fq.gz	24876944	24309505	5285080	5187261	4396954	4252057	2.28098	78.2592	1.85085	15.2355	3.29539	82.9076
/home/e1garcia/shotgun_PIRE/pire_cssl_data_processing/leiognathus_leuciscus/raw_fq_capture/Lle-AHam_011.1.fq.gz	11715924	11174548	2243560	2195785	1896602	1830184	4.62086	79.9226	2.12943	13.6253	3.50195	84.3787
/home/e1garcia/shotgun_PIRE/pire_cssl_data_processing/leiognathus_leuciscus/raw_fq_capture/Lle-AHam_011.2.fq.gz	11715924	11174548	2243560	2195785	1892706	1830184	4.62086	79.9226	2.12943	13.8028	3.30331	84.3787
/home/e1garcia/shotgun_PIRE/pire_cssl_data_processing/leiognathus_leuciscus/raw_fq_capture/Lle-AHam_012.1.fq.gz	15070281	14564409	3126092	3063615	2510963	2412319	3.35675	78.5361	1.99857	18.0392	3.92853	83.9929
/home/e1garcia/shotgun_PIRE/pire_cssl_data_processing/leiognathus_leuciscus/raw_fq_capture/Lle-AHam_012.2.fq.gz	15070281	14564409	3126092	3063615	2506211	2412319	3.35675	78.5361	1.99857	18.1943	3.74637	83.9929
/home/e1garcia/shotgun_PIRE/pire_cssl_data_processing/leiognathus_leuciscus/raw_fq_capture/Lle-AHam_013.1.fq.gz	1350459	1180016	337679	331321	280471	272154	12.6211	71.3835	1.88285	15.3477	2.96537	79.8473
/home/e1garcia/shotgun_PIRE/pire_cssl_data_processing/leiognathus_leuciscus/raw_fq_capture/Lle-AHam_013.2.fq.gz	1350459	1180016	337679	331321	280416	272154	12.6211	71.3835	1.88285	15.3643	2.94634	79.8473
/home/e1garcia/shotgun_PIRE/pire_cssl_data_processing/leiognathus_leuciscus/raw_fq_capture/Lle-AHam_014.1.fq.gz	23822943	23243427	4984243	4875593	4122284	3982328	2.4326	78.5563	2.17987	15.4506	3.39511	83.2836
/home/e1garcia/shotgun_PIRE/pire_cssl_data_processing/leiognathus_leuciscus/raw_fq_capture/Lle-AHam_014.2.fq.gz	23822943	23243427	4984243	4875593	4113305	3982328	2.4326	78.5563	2.17987	15.6348	3.18423	83.2836
/home/e1garcia/shotgun_PIRE/pire_cssl_data_processing/leiognathus_leuciscus/raw_fq_capture/Lle-AHam_015.1.fq.gz	22730421	22154278	5128255	5025424	4162573	4023002	2.53468	76.8521	2.00518	17.1697	3.353	82.3012
/home/e1garcia/shotgun_PIRE/pire_cssl_data_processing/leiognathus_leuciscus/raw_fq_capture/Lle-AHam_015.2.fq.gz	22730421	22154278	5128255	5025424	4154697	4023002	2.53468	76.8521	2.00518	17.3264	3.16979	82.3012
/home/e1garcia/shotgun_PIRE/pire_cssl_data_processing/leiognathus_leuciscus/raw_fq_capture/Lle-AHam_016.1.fq.gz	5717278	5408462	1255689	1229564	1035129	995719	5.40145	76.7829	2.08053	15.8133	3.80725	82.584
/home/e1garcia/shotgun_PIRE/pire_cssl_data_processing/leiognathus_leuciscus/raw_fq_capture/Lle-AHam_016.2.fq.gz	5717278	5408462	1255689	1229564	1032096	995719	5.40145	76.7829	2.08053	16.06	3.52458	82.584
/home/e1garcia/shotgun_PIRE/pire_cssl_data_processing/leiognathus_leuciscus/raw_fq_capture/Lle-AHam_017.1.fq.gz	27969205	27251054	6043526	5901442	4932222	4744114	2.56765	77.8228	2.35101	16.4234	3.81386	83.0381
/home/e1garcia/shotgun_PIRE/pire_cssl_data_processing/leiognathus_leuciscus/raw_fq_capture/Lle-AHam_017.2.fq.gz	27969205	27251054	6043526	5901442	4918447	4744114	2.56765	77.8228	2.35101	16.6569	3.54447	83.0381
/home/e1garcia/shotgun_PIRE/pire_cssl_data_processing/leiognathus_leuciscus/raw_fq_capture/Lle-AHam_018.1.fq.gz	23747869	23161785	4928943	4829873	4048429	3909309	2.46794	78.7195	2.00996	16.1794	3.43639	83.5383
/home/e1garcia/shotgun_PIRE/pire_cssl_data_processing/leiognathus_leuciscus/raw_fq_capture/Lle-AHam_018.2.fq.gz	23747869	23161785	4928943	4829873	4040157	3909309	2.46794	78.7195	2.00996	16.3507	3.23869	83.5383
/home/e1garcia/shotgun_PIRE/pire_cssl_data_processing/leiognathus_leuciscus/raw_fq_capture/Lle-AHam_019.1.fq.gz	17673539	17302010	4210914	4139541	3411073	3309098	2.10218	75.6623	1.69495	17.5978	2.98953	81.2765
/home/e1garcia/shotgun_PIRE/pire_cssl_data_processing/leiognathus_leuciscus/raw_fq_capture/Lle-AHam_019.2.fq.gz	17673539	17302010	4210914	4139541	3407226	3309098	2.10218	75.6623	1.69495	17.6907	2.88	81.2765
/home/e1garcia/shotgun_PIRE/pire_cssl_data_processing/leiognathus_leuciscus/raw_fq_capture/Lle-AHam_020.1.fq.gz	15155774	14485891	2684586	2620045	2251659	2181113	4.41999	81.4676	2.40413	14.0603	3.13307	85.6087
/home/e1garcia/shotgun_PIRE/pire_cssl_data_processing/leiognathus_leuciscus/raw_fq_capture/Lle-AHam_020.2.fq.gz	15155774	14485891	2684586	2620045	2247608	2181113	4.41999	81.4676	2.40413	14.2149	2.95848	85.6087
/home/e1garcia/shotgun_PIRE/pire_cssl_data_processing/leiognathus_leuciscus/raw_fq_capture/Lle-AHam_021.1.fq.gz	17206867	16816399	4116030	4048602	3413158	3313442	2.26926	75.5237	1.63818	15.6954	2.92152	80.7435
/home/e1garcia/shotgun_PIRE/pire_cssl_data_processing/leiognathus_leuciscus/raw_fq_capture/Lle-AHam_021.2.fq.gz	17206867	16816399	4116030	4048602	3409754	3313442	2.26926	75.5237	1.63818	15.7795	2.8246	80.7435
/home/e1garcia/shotgun_PIRE/pire_cssl_data_processing/leiognathus_leuciscus/raw_fq_capture/Lle-AHam_022.1.fq.gz	21061422	20243271	3653051	3569270	3034570	2936342	3.8846	81.9542	2.29345	14.9807	3.23697	86.0582
/home/e1garcia/shotgun_PIRE/pire_cssl_data_processing/leiognathus_leuciscus/raw_fq_capture/Lle-AHam_022.2.fq.gz	21061422	20243271	3653051	3569270	3028753	2936342	3.8846	81.9542	2.29345	15.1436	3.05112	86.0582
/home/e1garcia/shotgun_PIRE/pire_cssl_data_processing/leiognathus_leuciscus/raw_fq_capture/Lle-AHam_023.1.fq.gz	22058982	21302292	4350059	4254052	3535854	3402982	3.4303	79.5794	2.20703	16.8827	3.75785	84.5733
/home/e1garcia/shotgun_PIRE/pire_cssl_data_processing/leiognathus_leuciscus/raw_fq_capture/Lle-AHam_023.2.fq.gz	22058982	21302292	4350059	4254052	3530164	3402982	3.4303	79.5794	2.20703	17.0164	3.60272	84.5733
/home/e1garcia/shotgun_PIRE/pire_cssl_data_processing/leiognathus_leuciscus/raw_fq_capture/Lle-AHam_024.1.fq.gz	18447556	17456482	3698481	3618807	2709726	2607799	5.37239	78.8131	2.15424	25.121	3.76152	85.8637
/home/e1garcia/shotgun_PIRE/pire_cssl_data_processing/leiognathus_leuciscus/raw_fq_capture/Lle-AHam_024.2.fq.gz	18447556	17456482	3698481	3618807	2709811	2607799	5.37239	78.8131	2.15424	25.1187	3.76454	85.8637
/home/e1garcia/shotgun_PIRE/pire_cssl_data_processing/leiognathus_leuciscus/raw_fq_capture/Lle-AHam_025.1.fq.gz	11928940	11554556	2466656	2414047	2050668	1981289	3.13845	78.6521	2.13281	15.0527	3.38324	83.3909
/home/e1garcia/shotgun_PIRE/pire_cssl_data_processing/leiognathus_leuciscus/raw_fq_capture/Lle-AHam_025.2.fq.gz	11928940	11554556	2466656	2414047	2045991	1981289	3.13845	78.6521	2.13281	15.2464	3.16238	83.3909
/home/e1garcia/shotgun_PIRE/pire_cssl_data_processing/leiognathus_leuciscus/raw_fq_capture/Lle-AHam_026.1.fq.gz	13287605	12993863	2811314	2755936	2451815	2389171	2.21065	78.3643	1.96983	11.0351	2.55501	82.0196
/home/e1garcia/shotgun_PIRE/pire_cssl_data_processing/leiognathus_leuciscus/raw_fq_capture/Lle-AHam_026.2.fq.gz	13287605	12993863	2811314	2755936	2447842	2389171	2.21065	78.3643	1.96983	11.1793	2.39685	82.0196
/home/e1garcia/shotgun_PIRE/pire_cssl_data_processing/leiognathus_leuciscus/raw_fq_capture/Lle-AHam_027.1.fq.gz	13567772	13112005	2926414	2868060	2551734	2486664	3.35919	77.6814	1.99404	11.0293	2.55003	81.6723
/home/e1garcia/shotgun_PIRE/pire_cssl_data_processing/leiognathus_leuciscus/raw_fq_capture/Lle-AHam_027.2.fq.gz	13567772	13112005	2926414	2868060	2546743	2486664	3.35919	77.6814	1.99404	11.2033	2.35905	81.6723
/home/e1garcia/shotgun_PIRE/pire_cssl_data_processing/leiognathus_leuciscus/raw_fq_capture/Lle-AHam_028.1.fq.gz	8120824	7947295	1991552	1955287	1730992	1683870	2.13684	74.9405	1.82094	11.4712	2.72225	79.2648
/home/e1garcia/shotgun_PIRE/pire_cssl_data_processing/leiognathus_leuciscus/raw_fq_capture/Lle-AHam_028.2.fq.gz	8120824	7947295	1991552	1955287	1725996	1683870	2.13684	74.9405	1.82094	11.7267	2.44068	79.2648
/home/e1garcia/shotgun_PIRE/pire_cssl_data_processing/leiognathus_leuciscus/raw_fq_capture/Lle-AHam_029.1.fq.gz	18788164	17861520	3656599	3564778	3108680	3009242	4.93206	79.5281	2.5111	12.7946	3.19872	83.9833
/home/e1garcia/shotgun_PIRE/pire_cssl_data_processing/leiognathus_leuciscus/raw_fq_capture/Lle-AHam_029.2.fq.gz	18788164	17861520	3656599	3564778	3100233	3009242	4.93206	79.5281	2.5111	13.0315	2.93497	83.9833
/home/e1garcia/shotgun_PIRE/pire_cssl_data_processing/leiognathus_leuciscus/raw_fq_capture/Lle-AHam_030.1.fq.gz	21205722	20409893	3986151	3888795	3292406	3177673	3.7529	80.4695	2.44236	15.3361	3.48478	85.015
/home/e1garcia/shotgun_PIRE/pire_cssl_data_processing/leiognathus_leuciscus/raw_fq_capture/Lle-AHam_030.2.fq.gz	21205722	20409893	3986151	3888795	3286055	3177673	3.7529	80.4695	2.44236	15.4994	3.29824	85.015
/home/e1garcia/shotgun_PIRE/pire_cssl_data_processing/leiognathus_leuciscus/raw_fq_capture/Lle-AHam_031.1.fq.gz	28677229	27707815	5459246	5324030	4415796	4230917	3.38043	80.2971	2.47683	17.0591	4.18676	85.2464
/home/e1garcia/shotgun_PIRE/pire_cssl_data_processing/leiognathus_leuciscus/raw_fq_capture/Lle-AHam_031.2.fq.gz	28677229	27707815	5459246	5324030	4405085	4230917	3.38043	80.2971	2.47683	17.2603	3.95379	85.2464
/home/e1garcia/shotgun_PIRE/pire_cssl_data_processing/leiognathus_leuciscus/raw_fq_capture/Lle-AHam_032.1.fq.gz	21434255	20869016	4380925	4294300	3678542	3563485	2.63708	79.0075	1.97732	14.339	3.12779	83.3748
/home/e1garcia/shotgun_PIRE/pire_cssl_data_processing/leiognathus_leuciscus/raw_fq_capture/Lle-AHam_032.2.fq.gz	21434255	20869016	4380925	4294300	3674099	3563485	2.63708	79.0075	1.97732	14.4424	3.01064	83.3748
/home/e1garcia/shotgun_PIRE/pire_cssl_data_processing/leiognathus_leuciscus/raw_fq_capture/Lle-CNas_001.1.fq.gz	4923806	4802860	2332124	2309546	2104890	2048604	2.45635	51.443	0.96813	8.86131	2.67406	58.3939
/home/e1garcia/shotgun_PIRE/pire_cssl_data_processing/leiognathus_leuciscus/raw_fq_capture/Lle-CNas_001.2.fq.gz	4923806	4802860	2332124	2309546	2102205	2048604	2.45635	51.443	0.96813	8.97757	2.54975	58.3939
/home/e1garcia/shotgun_PIRE/pire_cssl_data_processing/leiognathus_leuciscus/raw_fq_capture/Lle-CNas_002.1.fq.gz	3888858	3708687	1778823	1761551	1593937	1549693	4.63301	52.0363	0.970979	9.51514	2.77577	60.1504
/home/e1garcia/shotgun_PIRE/pire_cssl_data_processing/leiognathus_leuciscus/raw_fq_capture/Lle-CNas_002.2.fq.gz	3888858	3708687	1778823	1761551	1592711	1549693	4.63301	52.0363	0.970979	9.58474	2.70093	60.1504
/home/e1garcia/shotgun_PIRE/pire_cssl_data_processing/leiognathus_leuciscus/raw_fq_capture/Lle-CNas_003.1.fq.gz	4666982	4529287	2235295	2210996	2021108	1967440	2.95041	50.648	1.08706	8.58835	2.65538	57.8434
/home/e1garcia/shotgun_PIRE/pire_cssl_data_processing/leiognathus_leuciscus/raw_fq_capture/Lle-CNas_003.2.fq.gz	4666982	4529287	2235295	2210996	2017949	1967440	2.95041	50.648	1.08706	8.73122	2.50299	57.8434
/home/e1garcia/shotgun_PIRE/pire_cssl_data_processing/leiognathus_leuciscus/raw_fq_capture/Lle-CNas_004.1.fq.gz	6199889	6015635	2622629	2595841	2362654	2292523	2.97189	56.4031	1.02142	8.9831	2.96831	63.0232
/home/e1garcia/shotgun_PIRE/pire_cssl_data_processing/leiognathus_leuciscus/raw_fq_capture/Lle-CNas_004.2.fq.gz	6199889	6015635	2622629	2595841	2360892	2292523	2.97189	56.4031	1.02142	9.05098	2.8959	63.0232
/home/e1garcia/shotgun_PIRE/pire_cssl_data_processing/leiognathus_leuciscus/raw_fq_capture/Lle-CNas_005.1.fq.gz	3017823	2764551	1422797	1407991	1294653	1260864	8.39254	48.5342	1.04063	8.04963	2.60989	58.2194
/home/e1garcia/shotgun_PIRE/pire_cssl_data_processing/leiognathus_leuciscus/raw_fq_capture/Lle-CNas_005.2.fq.gz	3017823	2764551	1422797	1407991	1293748	1260864	8.39254	48.5342	1.04063	8.1139	2.54176	58.2194
/home/e1garcia/shotgun_PIRE/pire_cssl_data_processing/leiognathus_leuciscus/raw_fq_capture/Lle-CNas_006.1.fq.gz	11263130	10831214	5405467	5348664	4821803	4692939	3.83478	50.0936	1.05084	9.85033	2.67253	58.3336
/home/e1garcia/shotgun_PIRE/pire_cssl_data_processing/leiognathus_leuciscus/raw_fq_capture/Lle-CNas_006.2.fq.gz	11263130	10831214	5405467	5348664	4816181	4692939	3.83478	50.0936	1.05084	9.95544	2.55892	58.3336
/home/e1garcia/shotgun_PIRE/pire_cssl_data_processing/leiognathus_leuciscus/raw_fq_capture/Lle-CNas_007.1.fq.gz	4190790	4069128	1921479	1902158	1746875	1705664	2.90308	52.7791	1.00553	8.16352	2.35913	59.2997
/home/e1garcia/shotgun_PIRE/pire_cssl_data_processing/leiognathus_leuciscus/raw_fq_capture/Lle-CNas_007.2.fq.gz	4190790	4069128	1921479	1902158	1744898	1705664	2.90308	52.7791	1.00553	8.26745	2.2485	59.2997
/home/e1garcia/shotgun_PIRE/pire_cssl_data_processing/leiognathus_leuciscus/raw_fq_capture/Lle-CNas_008.1.fq.gz	4858872	4627754	2177912	2156169	1961126	1905260	4.75662	52.938	0.998342	9.04581	2.84867	60.788
/home/e1garcia/shotgun_PIRE/pire_cssl_data_processing/leiognathus_leuciscus/raw_fq_capture/Lle-CNas_008.2.fq.gz	4858872	4627754	2177912	2156169	1959119	1905260	4.75662	52.938	0.998342	9.13889	2.74914	60.788
/home/e1garcia/shotgun_PIRE/pire_cssl_data_processing/leiognathus_leuciscus/raw_fq_capture/Lle-CNas_009.1.fq.gz	5568716	5250302	2588182	2563645	2349709	2296283	5.71791	50.7041	0.94804	8.34499	2.27373	58.7646
/home/e1garcia/shotgun_PIRE/pire_cssl_data_processing/leiognathus_leuciscus/raw_fq_capture/Lle-CNas_009.2.fq.gz	5568716	5250302	2588182	2563645	2346309	2296283	5.71791	50.7041	0.94804	8.47762	2.13211	58.7646
/home/e1garcia/shotgun_PIRE/pire_cssl_data_processing/leiognathus_leuciscus/raw_fq_capture/Lle-CNas_010.1.fq.gz	4195553	4041728	1901835	1882998	1709531	1663800	3.66638	52.945	0.990464	9.21228	2.67506	60.3437
/home/e1garcia/shotgun_PIRE/pire_cssl_data_processing/leiognathus_leuciscus/raw_fq_capture/Lle-CNas_010.2.fq.gz	4195553	4041728	1901835	1882998	1707858	1663800	3.66638	52.945	0.990464	9.30113	2.57972	60.3437
/home/e1garcia/shotgun_PIRE/pire_cssl_data_processing/leiognathus_leuciscus/raw_fq_capture/Lle-CNas_011.1.fq.gz	3820067	3608546	1801973	1783666	1615467	1570286	5.5371	50.0637	1.01594	9.42996	2.79678	58.8938
/home/e1garcia/shotgun_PIRE/pire_cssl_data_processing/leiognathus_leuciscus/raw_fq_capture/Lle-CNas_011.2.fq.gz	3820067	3608546	1801973	1783666	1614649	1570286	5.5371	50.0637	1.01594	9.47582	2.74753	58.8938
/home/e1garcia/shotgun_PIRE/pire_cssl_data_processing/leiognathus_leuciscus/raw_fq_capture/Lle-CNas_012.1.fq.gz	5956027	5728633	3024706	2994830	2728828	2654994	3.81788	47.2002	0.987732	8.88204	2.7057	55.4234
/home/e1garcia/shotgun_PIRE/pire_cssl_data_processing/leiognathus_leuciscus/raw_fq_capture/Lle-CNas_012.2.fq.gz	5956027	5728633	3024706	2994830	2727406	2654994	3.81788	47.2002	0.987732	8.92952	2.65498	55.4234
/home/e1garcia/shotgun_PIRE/pire_cssl_data_processing/leiognathus_leuciscus/raw_fq_capture/Lle-CNas_013.1.fq.gz	3643749	3537952	1758344	1742690	1600132	1561993	2.90352	50.3005	0.890269	8.18034	2.38349	57.1323
/home/e1garcia/shotgun_PIRE/pire_cssl_data_processing/leiognathus_leuciscus/raw_fq_capture/Lle-CNas_013.2.fq.gz	3643749	3537952	1758344	1742690	1598729	1561993	2.90352	50.3005	0.890269	8.26085	2.29783	57.1323
/home/e1garcia/shotgun_PIRE/pire_cssl_data_processing/leiognathus_leuciscus/raw_fq_capture/Lle-CNas_014.1.fq.gz	7137003	6984504	3062607	3032027	2781831	2711693	2.13674	56.1514	0.998496	8.25177	2.52129	62.0052
/home/e1garcia/shotgun_PIRE/pire_cssl_data_processing/leiognathus_leuciscus/raw_fq_capture/Lle-CNas_014.2.fq.gz	7137003	6984504	3062607	3032027	2778206	2711693	2.13674	56.1514	0.998496	8.37133	2.3941	62.0052
/home/e1garcia/shotgun_PIRE/pire_cssl_data_processing/leiognathus_leuciscus/raw_fq_capture/Lle-CNas_015.1.fq.gz	4583561	4448096	2095350	2070867	1888354	1842470	2.95545	52.8933	1.16844	8.81336	2.42984	59.8027
/home/e1garcia/shotgun_PIRE/pire_cssl_data_processing/leiognathus_leuciscus/raw_fq_capture/Lle-CNas_015.2.fq.gz	4583561	4448096	2095350	2070867	1886319	1842470	2.95545	52.8933	1.16844	8.91163	2.32458	59.8027
/home/e1garcia/shotgun_PIRE/pire_cssl_data_processing/leiognathus_leuciscus/raw_fq_capture/Lle-CNas_016.1.fq.gz	6726950	6374909	2900167	2870995	2599728	2534490	5.23329	54.5065	1.00587	9.44854	2.50942	62.3233
/home/e1garcia/shotgun_PIRE/pire_cssl_data_processing/leiognathus_leuciscus/raw_fq_capture/Lle-CNas_016.2.fq.gz	6726950	6374909	2900167	2870995	2598517	2534490	5.23329	54.5065	1.00587	9.49072	2.46398	62.3233
/home/e1garcia/shotgun_PIRE/pire_cssl_data_processing/leiognathus_leuciscus/raw_fq_capture/Lle-CNas_017.1.fq.gz	11709329	11278778	5272082	5218624	4649335	4536305	3.67699	53.2566	1.01398	10.9088	2.4311	61.2591
/home/e1garcia/shotgun_PIRE/pire_cssl_data_processing/leiognathus_leuciscus/raw_fq_capture/Lle-CNas_017.2.fq.gz	11709329	11278778	5272082	5218624	4643101	4536305	3.67699	53.2566	1.01398	11.0283	2.3001	61.2591
/home/e1garcia/shotgun_PIRE/pire_cssl_data_processing/leiognathus_leuciscus/raw_fq_capture/Lle-CNas_018.1.fq.gz	4963185	4741037	2314802	2293574	2073343	2017753	4.47592	51.1752	0.917055	9.60209	2.68118	59.3456
/home/e1garcia/shotgun_PIRE/pire_cssl_data_processing/leiognathus_leuciscus/raw_fq_capture/Lle-CNas_018.2.fq.gz	4963185	4741037	2314802	2293574	2071305	2017753	4.47592	51.1752	0.917055	9.69095	2.58542	59.3456
/home/e1garcia/shotgun_PIRE/pire_cssl_data_processing/leiognathus_leuciscus/raw_fq_capture/Lle-CNas_019.1.fq.gz	3426179	3266064	1619504	1604061	1464132	1426560	4.67328	50.4142	0.953564	8.72342	2.56616	58.3629
/home/e1garcia/shotgun_PIRE/pire_cssl_data_processing/leiognathus_leuciscus/raw_fq_capture/Lle-CNas_019.2.fq.gz	3426179	3266064	1619504	1604061	1462442	1426560	4.67328	50.4142	0.953564	8.82878	2.45357	58.3629
/home/e1garcia/shotgun_PIRE/pire_cssl_data_processing/leiognathus_leuciscus/raw_fq_capture/Lle-CNas_020.1.fq.gz	4838770	4637381	2273158	2249745	2041516	1984045	4.16199	50.9819	1.02998	9.25567	2.81511	58.9969
/home/e1garcia/shotgun_PIRE/pire_cssl_data_processing/leiognathus_leuciscus/raw_fq_capture/Lle-CNas_020.2.fq.gz	4838770	4637381	2273158	2249745	2038886	1984045	4.16199	50.9819	1.02998	9.37257	2.68975	58.9969
/home/e1garcia/shotgun_PIRE/pire_cssl_data_processing/leiognathus_leuciscus/raw_fq_capture/Lle-CNas_021.1.fq.gz	8970214	8533690	4066503	4024126	3669278	3571547	4.86637	52.3477	1.0421	8.81801	2.66349	60.1844
/home/e1garcia/shotgun_PIRE/pire_cssl_data_processing/leiognathus_leuciscus/raw_fq_capture/Lle-CNas_021.2.fq.gz	8970214	8533690	4066503	4024126	3663116	3571547	4.86637	52.3477	1.0421	8.97114	2.49976	60.1844
/home/e1garcia/shotgun_PIRE/pire_cssl_data_processing/leiognathus_leuciscus/raw_fq_capture/Lle-CNas_022.1.fq.gz	4887218	4679969	2238239	2217060	2025413	1974293	4.24063	52.1741	0.946235	8.6442	2.52393	59.6029
/home/e1garcia/shotgun_PIRE/pire_cssl_data_processing/leiognathus_leuciscus/raw_fq_capture/Lle-CNas_022.2.fq.gz	4887218	4679969	2238239	2217060	2023285	1974293	4.24063	52.1741	0.946235	8.74018	2.42141	59.6029
/home/e1garcia/shotgun_PIRE/pire_cssl_data_processing/leiognathus_leuciscus/raw_fq_capture/Lle-CNas_023.1.fq.gz	7803519	7487062	3556826	3517738	3211117	3126107	4.05531	52.4937	1.09896	8.71643	2.64737	59.9398
/home/e1garcia/shotgun_PIRE/pire_cssl_data_processing/leiognathus_leuciscus/raw_fq_capture/Lle-CNas_023.2.fq.gz	7803519	7487062	3556826	3517738	3208198	3126107	4.05531	52.4937	1.09896	8.7994	2.55879	59.9398
/home/e1garcia/shotgun_PIRE/pire_cssl_data_processing/leiognathus_leuciscus/raw_fq_capture/Lle-CNas_024.1.fq.gz	4476860	4361677	1977935	1957688	1794051	1749701	2.57285	54.652	1.02364	8.35869	2.47206	60.9168
/home/e1garcia/shotgun_PIRE/pire_cssl_data_processing/leiognathus_leuciscus/raw_fq_capture/Lle-CNas_024.2.fq.gz	4476860	4361677	1977935	1957688	1793131	1749701	2.57285	54.652	1.02364	8.40568	2.42202	60.9168
/home/e1garcia/shotgun_PIRE/pire_cssl_data_processing/leiognathus_leuciscus/raw_fq_capture/Lle-CNas_025.1.fq.gz	5202327	5043339	2402132	2379356	2166331	2108410	3.05609	52.3702	0.948158	8.95305	2.67369	59.4718
/home/e1garcia/shotgun_PIRE/pire_cssl_data_processing/leiognathus_leuciscus/raw_fq_capture/Lle-CNas_025.2.fq.gz	5202327	5043339	2402132	2379356	2165239	2108410	3.05609	52.3702	0.948158	8.99895	2.62461	59.4718
/home/e1garcia/shotgun_PIRE/pire_cssl_data_processing/leiognathus_leuciscus/raw_fq_capture/Lle-CNas_026.1.fq.gz	1640164	1525365	872752	864387	778325	757201	6.99924	42.7841	0.958462	9.95642	2.71403	53.8338
/home/e1garcia/shotgun_PIRE/pire_cssl_data_processing/leiognathus_leuciscus/raw_fq_capture/Lle-CNas_026.2.fq.gz	1640164	1525365	872752	864387	777667	757201	6.99924	42.7841	0.958462	10.0325	2.63172	53.8338
/home/e1garcia/shotgun_PIRE/pire_cssl_data_processing/leiognathus_leuciscus/raw_fq_capture/Lle-CNas_027.1.fq.gz	4270271	4056491	1929623	1910858	1738255	1689734	5.00624	52.4312	0.97247	9.03275	2.79136	60.4303
/home/e1garcia/shotgun_PIRE/pire_cssl_data_processing/leiognathus_leuciscus/raw_fq_capture/Lle-CNas_027.2.fq.gz	4270271	4056491	1929623	1910858	1737745	1689734	5.00624	52.4312	0.97247	9.05944	2.76283	60.4303
/home/e1garcia/shotgun_PIRE/pire_cssl_data_processing/leiognathus_leuciscus/raw_fq_capture/Lle-CNas_028.1.fq.gz	5540840	5342376	2343761	2321151	2110080	2052211	3.58184	56.1289	0.964689	9.09338	2.7425	62.9621
/home/e1garcia/shotgun_PIRE/pire_cssl_data_processing/leiognathus_leuciscus/raw_fq_capture/Lle-CNas_028.2.fq.gz	5540840	5342376	2343761	2321151	2108721	2052211	3.58184	56.1289	0.964689	9.15193	2.67982	62.9621
/home/e1garcia/shotgun_PIRE/pire_cssl_data_processing/leiognathus_leuciscus/raw_fq_capture/Lle-CNas_029.1.fq.gz	3284496	3132622	1434421	1420134	1291765	1256791	4.62397	54.2102	0.996012	9.03922	2.70746	61.7357
/home/e1garcia/shotgun_PIRE/pire_cssl_data_processing/leiognathus_leuciscus/raw_fq_capture/Lle-CNas_029.2.fq.gz	3284496	3132622	1434421	1420134	1290670	1256791	4.62397	54.2102	0.996012	9.11632	2.62492	61.7357
/home/e1garcia/shotgun_PIRE/pire_cssl_data_processing/leiognathus_leuciscus/raw_fq_capture/Lle-CNas_030.1.fq.gz	5691809	5467783	2695084	2667387	2438302	2374514	3.93594	50.7097	1.02769	8.58837	2.61608	58.2819
/home/e1garcia/shotgun_PIRE/pire_cssl_data_processing/leiognathus_leuciscus/raw_fq_capture/Lle-CNas_030.2.fq.gz	5691809	5467783	2695084	2667387	2435511	2374514	3.93594	50.7097	1.02769	8.693	2.50448	58.2819
/home/e1garcia/shotgun_PIRE/pire_cssl_data_processing/leiognathus_leuciscus/raw_fq_capture/Lle-CNas_031.1.fq.gz	2383569	2202272	999892	989137	895609	870627	7.60612	54.5973	1.07562	9.45552	2.78939	63.4738
/home/e1garcia/shotgun_PIRE/pire_cssl_data_processing/leiognathus_leuciscus/raw_fq_capture/Lle-CNas_031.2.fq.gz	2383569	2202272	999892	989137	895237	870627	7.60612	54.5973	1.07562	9.49312	2.74899	63.4738
/home/e1garcia/shotgun_PIRE/pire_cssl_data_processing/leiognathus_leuciscus/raw_fq_capture/Lle-CNas_032.1.fq.gz	4662418	4499808	1997921	1976926	1812804	1765803	3.48768	55.5999	1.05084	8.30188	2.59272	62.1269
/home/e1garcia/shotgun_PIRE/pire_cssl_data_processing/leiognathus_leuciscus/raw_fq_capture/Lle-CNas_032.2.fq.gz	4662418	4499808	1997921	1976926	1811568	1765803	3.48768	55.5999	1.05084	8.3644	2.52626	62.1269
/home/e1garcia/shotgun_PIRE/pire_cssl_data_processing/leiognathus_leuciscus/raw_fq_capture/Lle-CNas_033.1.fq.gz	12413371	11971899	6064420	6002705	5444855	5299103	3.55642	49.3445	1.01766	9.29331	2.67688	57.3113
/home/e1garcia/shotgun_PIRE/pire_cssl_data_processing/leiognathus_leuciscus/raw_fq_capture/Lle-CNas_033.2.fq.gz	12413371	11971899	6064420	6002705	5436967	5299103	3.55642	49.3445	1.01766	9.42472	2.53568	57.3113
/home/e1garcia/shotgun_PIRE/pire_cssl_data_processing/leiognathus_leuciscus/raw_fq_capture/Lle-CNas_034.1.fq.gz	4204953	4082403	1890022	1871426	1711250	1664576	2.91442	53.7032	0.983904	8.55903	2.72748	60.4139
/home/e1garcia/shotgun_PIRE/pire_cssl_data_processing/leiognathus_leuciscus/raw_fq_capture/Lle-CNas_034.2.fq.gz	4204953	4082403	1890022	1871426	1708189	1664576	2.91442	53.7032	0.983904	8.7226	2.55317	60.4139
/home/e1garcia/shotgun_PIRE/pire_cssl_data_processing/leiognathus_leuciscus/raw_fq_capture/Lle-CNas_035.1.fq.gz	7409053	6951763	3383381	3340127	3033022	2931187	6.17204	51.3306	1.27843	9.19441	3.35754	60.4378
/home/e1garcia/shotgun_PIRE/pire_cssl_data_processing/leiognathus_leuciscus/raw_fq_capture/Lle-CNas_035.2.fq.gz	7409053	6951763	3383381	3340127	3030339	2931187	6.17204	51.3306	1.27843	9.27474	3.27198	60.4378
/home/e1garcia/shotgun_PIRE/pire_cssl_data_processing/leiognathus_leuciscus/raw_fq_capture/Lle-CNas_036.1.fq.gz	5396680	5278854	2441358	2417540	2215698	2161111	2.18331	53.7521	0.975605	8.34907	2.46365	59.9548
/home/e1garcia/shotgun_PIRE/pire_cssl_data_processing/leiognathus_leuciscus/raw_fq_capture/Lle-CNas_036.2.fq.gz	5396680	5278854	2441358	2417540	2212773	2161111	2.18331	53.7521	0.975605	8.47006	2.33472	59.9548
/home/e1garcia/shotgun_PIRE/pire_cssl_data_processing/leiognathus_leuciscus/raw_fq_capture/Lle-CNas_037.1.fq.gz	5884794	5638147	2831468	2803480	2553816	2487371	4.19126	49.7802	0.988463	8.9055	2.60179	57.7322
/home/e1garcia/shotgun_PIRE/pire_cssl_data_processing/leiognathus_leuciscus/raw_fq_capture/Lle-CNas_037.2.fq.gz	5884794	5638147	2831468	2803480	2548792	2487371	4.19126	49.7802	0.988463	9.08471	2.40981	57.7322
/home/e1garcia/shotgun_PIRE/pire_cssl_data_processing/leiognathus_leuciscus/raw_fq_capture/Lle-CNas_038.1.fq.gz	7826990	7504393	3896111	3858479	3484471	3385147	4.1216	48.0823	0.965886	9.69315	2.85048	56.7503
/home/e1garcia/shotgun_PIRE/pire_cssl_data_processing/leiognathus_leuciscus/raw_fq_capture/Lle-CNas_038.2.fq.gz	7826990	7504393	3896111	3858479	3480599	3385147	4.1216	48.0823	0.965886	9.7935	2.7424	56.7503
/home/e1garcia/shotgun_PIRE/pire_cssl_data_processing/leiognathus_leuciscus/raw_fq_capture/Lle-CNas_039.1.fq.gz	4821146	4664534	2224353	2201526	1986951	1926250	3.24844	52.3135	1.02623	9.74665	3.05498	60.0458
/home/e1garcia/shotgun_PIRE/pire_cssl_data_processing/leiognathus_leuciscus/raw_fq_capture/Lle-CNas_039.2.fq.gz	4821146	4664534	2224353	2201526	1985894	1926250	3.24844	52.3135	1.02623	9.79466	3.00338	60.0458
/home/e1garcia/shotgun_PIRE/pire_cssl_data_processing/leiognathus_leuciscus/raw_fq_capture/Lle-CNas_040.1.fq.gz	6810635	6552733	3119629	3092309	2797703	2734433	3.78675	52.3919	0.875745	9.52706	2.2615	59.8505
/home/e1garcia/shotgun_PIRE/pire_cssl_data_processing/leiognathus_leuciscus/raw_fq_capture/Lle-CNas_040.2.fq.gz	6810635	6552733	3119629	3092309	2795461	2734433	3.78675	52.3919	0.875745	9.59956	2.18311	59.8505
/home/e1garcia/shotgun_PIRE/pire_cssl_data_processing/leiognathus_leuciscus/raw_fq_capture/Lle-CNas_041.1.fq.gz	6253734	6079960	3123781	3098097	2774636	2703569	2.77872	48.6217	0.822209	10.4406	2.56131	56.7687
/home/e1garcia/shotgun_PIRE/pire_cssl_data_processing/leiognathus_leuciscus/raw_fq_capture/Lle-CNas_041.2.fq.gz	6253734	6079960	3123781	3098097	2771757	2703569	2.77872	48.6217	0.822209	10.5336	2.4601	56.7687
/home/e1garcia/shotgun_PIRE/pire_cssl_data_processing/leiognathus_leuciscus/raw_fq_capture/Lle-CNas_042.1.fq.gz	9258534	8922937	4598775	4550419	4081767	3969839	3.62473	48.4612	1.0515	10.2991	2.74215	57.1224
/home/e1garcia/shotgun_PIRE/pire_cssl_data_processing/leiognathus_leuciscus/raw_fq_capture/Lle-CNas_042.2.fq.gz	9258534	8922937	4598775	4550419	4075334	3969839	3.62473	48.4612	1.0515	10.4405	2.58862	57.1224
/home/e1garcia/shotgun_PIRE/pire_cssl_data_processing/leiognathus_leuciscus/raw_fq_capture/Lle-CNas_043.1.fq.gz	1509800	1450731	671249	664903	608985	593653	3.91237	53.7303	0.945402	8.40995	2.51763	60.68
/home/e1garcia/shotgun_PIRE/pire_cssl_data_processing/leiognathus_leuciscus/raw_fq_capture/Lle-CNas_043.2.fq.gz	1509800	1450731	671249	664903	608658	593653	3.91237	53.7303	0.945402	8.45913	2.46526	60.68
/home/e1garcia/shotgun_PIRE/pire_cssl_data_processing/leiognathus_leuciscus/raw_fq_capture/Lle-CNas_044.1.fq.gz	5148918	4857108	2406460	2383146	2154688	2100024	5.6674	50.4549	0.968809	9.5864	2.53698	59.2143
/home/e1garcia/shotgun_PIRE/pire_cssl_data_processing/leiognathus_leuciscus/raw_fq_capture/Lle-CNas_044.2.fq.gz	5148918	4857108	2406460	2383146	2152790	2100024	5.6674	50.4549	0.968809	9.66605	2.45105	59.2143
/home/e1garcia/shotgun_PIRE/pire_cssl_data_processing/leiognathus_leuciscus/raw_fq_capture/Lle-CNas_045.1.fq.gz	8369122	7931669	4114137	4073240	3695489	3584778	5.22699	48.1302	0.99406	9.27397	2.99584	57.1666
/home/e1garcia/shotgun_PIRE/pire_cssl_data_processing/leiognathus_leuciscus/raw_fq_capture/Lle-CNas_045.2.fq.gz	8369122	7931669	4114137	4073240	3690823	3584778	5.22699	48.1302	0.99406	9.38852	2.87321	57.1666
/home/e1garcia/shotgun_PIRE/pire_cssl_data_processing/leiognathus_leuciscus/raw_fq_capture/Lle-CNas_046.1.fq.gz	4800792	4657466	2154105	2132295	1944487	1889794	2.98547	53.7494	1.01249	8.80779	2.81272	60.6358
/home/e1garcia/shotgun_PIRE/pire_cssl_data_processing/leiognathus_leuciscus/raw_fq_capture/Lle-CNas_046.2.fq.gz	4800792	4657466	2154105	2132295	1942296	1889794	2.98547	53.7494	1.01249	8.91054	2.70309	60.6358
/home/e1garcia/shotgun_PIRE/pire_cssl_data_processing/leiognathus_leuciscus/raw_fq_capture/Lle-CNas_047.1.fq.gz	4036490	3799063	1742201	1722759	1558409	1516569	5.88202	54.1413	1.11594	9.53993	2.68479	62.4285
/home/e1garcia/shotgun_PIRE/pire_cssl_data_processing/leiognathus_leuciscus/raw_fq_capture/Lle-CNas_047.2.fq.gz	4036490	3799063	1742201	1722759	1556065	1516569	5.88202	54.1413	1.11594	9.67599	2.5382	62.4285
/home/e1garcia/shotgun_PIRE/pire_cssl_data_processing/leiognathus_leuciscus/raw_fq_capture/Lle-CNas_048.1.fq.gz	5053850	4904666	2227140	2203427	2018049	1966953	2.95189	54.5914	1.06473	8.41317	2.53195	61.0801
/home/e1garcia/shotgun_PIRE/pire_cssl_data_processing/leiognathus_leuciscus/raw_fq_capture/Lle-CNas_048.2.fq.gz	5053850	4904666	2227140	2203427	2015635	1966953	2.95189	54.5914	1.06473	8.52272	2.41522	61.0801
/home/e1garcia/shotgun_PIRE/pire_cssl_data_processing/leiognathus_leuciscus/raw_fq_capture/Lle-CNas_049.1.fq.gz	3582526	3482878	1561302	1546093	1419864	1383019	2.7815	55.1721	0.974123	8.16439	2.59497	61.3954
/home/e1garcia/shotgun_PIRE/pire_cssl_data_processing/leiognathus_leuciscus/raw_fq_capture/Lle-CNas_049.2.fq.gz	3582526	3482878	1561302	1546093	1418830	1383019	2.7815	55.1721	0.974123	8.23126	2.52398	61.3954
/home/e1garcia/shotgun_PIRE/pire_cssl_data_processing/leiognathus_leuciscus/raw_fq_capture/Lle-CNas_050.1.fq.gz	5057481	4860109	2224923	2203717	1994401	1939665	3.90258	54.2207	0.953112	9.49832	2.74448	61.6476
/home/e1garcia/shotgun_PIRE/pire_cssl_data_processing/leiognathus_leuciscus/raw_fq_capture/Lle-CNas_050.2.fq.gz	5057481	4860109	2224923	2203717	1992519	1939665	3.90258	54.2207	0.953112	9.58372	2.65262	61.6476
/home/e1garcia/shotgun_PIRE/pire_cssl_data_processing/leiognathus_leuciscus/raw_fq_capture/Lle-CNas_051.1.fq.gz	3987859	3883289	1911651	1890569	1731123	1682287	2.62221	50.7724	1.10282	8.43376	2.82106	57.8148
/home/e1garcia/shotgun_PIRE/pire_cssl_data_processing/leiognathus_leuciscus/raw_fq_capture/Lle-CNas_051.2.fq.gz	3987859	3883289	1911651	1890569	1728560	1682287	2.62221	50.7724	1.10282	8.56932	2.67697	57.8148
/home/e1garcia/shotgun_PIRE/pire_cssl_data_processing/leiognathus_leuciscus/raw_fq_capture/Lle-CNas_052.1.fq.gz	1998099	1872654	1031751	1021460	924574	899757	6.27822	44.9043	0.997431	9.48505	2.68416	54.9693
/home/e1garcia/shotgun_PIRE/pire_cssl_data_processing/leiognathus_leuciscus/raw_fq_capture/Lle-CNas_052.2.fq.gz	1998099	1872654	1031751	1021460	923376	899757	6.27822	44.9043	0.997431	9.60233	2.5579	54.9693
/home/e1garcia/shotgun_PIRE/pire_cssl_data_processing/leiognathus_leuciscus/raw_fq_capture/Lle-CNas_053.1.fq.gz	5069583	4936839	2314756	2294502	2101832	2050154	2.61844	53.1126	0.874995	8.39703	2.45871	59.5597
/home/e1garcia/shotgun_PIRE/pire_cssl_data_processing/leiognathus_leuciscus/raw_fq_capture/Lle-CNas_053.2.fq.gz	5069583	4936839	2314756	2294502	2099406	2050154	2.61844	53.1126	0.874995	8.50276	2.346	59.5597
/home/e1garcia/shotgun_PIRE/pire_cssl_data_processing/leiognathus_leuciscus/raw_fq_capture/Lle-CNas_054.1.fq.gz	7390048	6973156	3414187	3382636	3002872	2920489	5.64126	51.0381	0.924115	11.2269	2.74347	60.4808
/home/e1garcia/shotgun_PIRE/pire_cssl_data_processing/leiognathus_leuciscus/raw_fq_capture/Lle-CNas_054.2.fq.gz	7390048	6973156	3414187	3382636	2999872	2920489	5.64126	51.0381	0.924115	11.3156	2.64621	60.4808
/home/e1garcia/shotgun_PIRE/pire_cssl_data_processing/leiognathus_leuciscus/raw_fq_capture/Lle-CNas_055.1.fq.gz	4390072	4232470	1960532	1941176	1765581	1718253	3.58996	53.6788	0.987283	9.04581	2.68059	60.8605
/home/e1garcia/shotgun_PIRE/pire_cssl_data_processing/leiognathus_leuciscus/raw_fq_capture/Lle-CNas_055.2.fq.gz	4390072	4232470	1960532	1941176	1763741	1718253	3.58996	53.6788	0.987283	9.14059	2.57906	60.8605
/home/e1garcia/shotgun_PIRE/pire_cssl_data_processing/leiognathus_leuciscus/raw_fq_capture/Lle-CNas_056.1.fq.gz	10203986	9741193	5128113	5076507	4577546	4434896	4.53541	47.3564	1.00634	9.82883	3.1163	56.5376
/home/e1garcia/shotgun_PIRE/pire_cssl_data_processing/leiognathus_leuciscus/raw_fq_capture/Lle-CNas_056.2.fq.gz	10203986	9741193	5128113	5076507	4570076	4434896	4.53541	47.3564	1.00634	9.97597	2.95794	56.5376
/home/e1garcia/shotgun_PIRE/pire_cssl_data_processing/leiognathus_leuciscus/raw_fq_capture/Lle-CNas_057.1.fq.gz	5287748	5157212	2355873	2332529	2133384	2081585	2.46865	54.3189	0.990885	8.53773	2.42802	60.6338
/home/e1garcia/shotgun_PIRE/pire_cssl_data_processing/leiognathus_leuciscus/raw_fq_capture/Lle-CNas_057.2.fq.gz	5287748	5157212	2355873	2332529	2132028	2081585	2.46865	54.3189	0.990885	8.59586	2.36596	60.6338
/home/e1garcia/shotgun_PIRE/pire_cssl_data_processing/leiognathus_leuciscus/raw_fq_capture/Lle-CNas_058.1.fq.gz	5401255	5232000	2332118	2310016	2093776	2037707	3.13362	55.4259	0.947722	9.36097	2.67789	62.2735
/home/e1garcia/shotgun_PIRE/pire_cssl_data_processing/leiognathus_leuciscus/raw_fq_capture/Lle-CNas_058.2.fq.gz	5401255	5232000	2332118	2310016	2092033	2037707	3.13362	55.4259	0.947722	9.43643	2.5968	62.2735
/home/e1garcia/shotgun_PIRE/pire_cssl_data_processing/leiognathus_leuciscus/raw_fq_capture/Lle-CNas_059.1.fq.gz	5781842	5620556	2532280	2505768	2298153	2238399	2.78953	54.9461	1.04696	8.28548	2.60009	61.2857
/home/e1garcia/shotgun_PIRE/pire_cssl_data_processing/leiognathus_leuciscus/raw_fq_capture/Lle-CNas_059.2.fq.gz	5781842	5620556	2532280	2505768	2295738	2238399	2.78953	54.9461	1.04696	8.38186	2.49763	61.2857
/home/e1garcia/shotgun_PIRE/pire_cssl_data_processing/leiognathus_leuciscus/raw_fq_capture/Lle-CNas_060.1.fq.gz	3878000	3704569	1744411	1724785	1580238	1538954	4.47218	52.9119	1.12508	8.38058	2.61252	60.3158
/home/e1garcia/shotgun_PIRE/pire_cssl_data_processing/leiognathus_leuciscus/raw_fq_capture/Lle-CNas_060.2.fq.gz	3878000	3704569	1744411	1724785	1577610	1538954	4.47218	52.9119	1.12508	8.53295	2.45029	60.3158
/home/e1garcia/shotgun_PIRE/pire_cssl_data_processing/leiognathus_leuciscus/raw_fq_capture/Lle-CNas_061.1.fq.gz	2619845	2418273	1242849	1230714	1131937	1102882	7.69404	48.6059	0.976386	8.02599	2.56684	57.9028
/home/e1garcia/shotgun_PIRE/pire_cssl_data_processing/leiognathus_leuciscus/raw_fq_capture/Lle-CNas_061.2.fq.gz	2619845	2418273	1242849	1230714	1131359	1102882	7.69404	48.6059	0.976386	8.07296	2.51706	57.9028
/home/e1garcia/shotgun_PIRE/pire_cssl_data_processing/leiognathus_leuciscus/raw_fq_capture/Lle-CNas_062.1.fq.gz	3587833	3429232	1744527	1727965	1573664	1532221	4.42052	49.1278	0.949369	8.92964	2.63354	57.294
/home/e1garcia/shotgun_PIRE/pire_cssl_data_processing/leiognathus_leuciscus/raw_fq_capture/Lle-CNas_062.2.fq.gz	3587833	3429232	1744527	1727965	1571442	1532221	4.42052	49.1278	0.949369	9.05823	2.49586	57.294
/home/e1garcia/shotgun_PIRE/pire_cssl_data_processing/leiognathus_leuciscus/raw_fq_capture/Lle-CNas_063.1.fq.gz	2536332	2430698	1291071	1279516	1176325	1143917	4.16483	46.8848	0.894993	8.06485	2.75502	54.8988
/home/e1garcia/shotgun_PIRE/pire_cssl_data_processing/leiognathus_leuciscus/raw_fq_capture/Lle-CNas_063.2.fq.gz	2536332	2430698	1291071	1279516	1175178	1143917	4.16483	46.8848	0.894993	8.15449	2.66011	54.8988
/home/e1garcia/shotgun_PIRE/pire_cssl_data_processing/leiognathus_leuciscus/raw_fq_capture/Lle-CNas_064.1.fq.gz	2693918	2525496	1320458	1307595	1188990	1156773	6.25193	47.7149	0.974132	9.07047	2.70961	57.0598
/home/e1garcia/shotgun_PIRE/pire_cssl_data_processing/leiognathus_leuciscus/raw_fq_capture/Lle-CNas_064.2.fq.gz	2693918	2525496	1320458	1307595	1187683	1156773	6.25193	47.7149	0.974132	9.17042	2.60255	57.0598
/home/e1garcia/shotgun_PIRE/pire_cssl_data_processing/leiognathus_leuciscus/raw_fq_capture/Lle-CNas_065.1.fq.gz	5221419	5043084	2420188	2398163	2181171	2122680	3.41545	52.0098	0.910053	9.04826	2.68163	59.3467
/home/e1garcia/shotgun_PIRE/pire_cssl_data_processing/leiognathus_leuciscus/raw_fq_capture/Lle-CNas_065.2.fq.gz	5221419	5043084	2420188	2398163	2180200	2122680	3.41545	52.0098	0.910053	9.08875	2.63829	59.3467
/home/e1garcia/shotgun_PIRE/pire_cssl_data_processing/leiognathus_leuciscus/raw_fq_capture/Lle-CNas_066.1.fq.gz	2261390	2141955	1116130	1104528	1012391	986141	5.28149	47.892	1.03948	8.34175	2.59287	56.3923
/home/e1garcia/shotgun_PIRE/pire_cssl_data_processing/leiognathus_leuciscus/raw_fq_capture/Lle-CNas_066.2.fq.gz	2261390	2141955	1116130	1104528	1011227	986141	5.28149	47.892	1.03948	8.44714	2.48075	56.3923
/home/e1garcia/shotgun_PIRE/pire_cssl_data_processing/leiognathus_leuciscus/raw_fq_capture/Lle-CNas_067.1.fq.gz	4865006	4712689	2076813	2054854	1882811	1835981	3.13087	55.9315	1.05734	8.37252	2.48724	62.2615
/home/e1garcia/shotgun_PIRE/pire_cssl_data_processing/leiognathus_leuciscus/raw_fq_capture/Lle-CNas_067.2.fq.gz	4865006	4712689	2076813	2054854	1880659	1835981	3.13087	55.9315	1.05734	8.47724	2.37566	62.2615
/home/e1garcia/shotgun_PIRE/pire_cssl_data_processing/leiognathus_leuciscus/raw_fq_capture/Lle-CNas_068.1.fq.gz	12506298	12076380	6487703	6420087	5832967	5662290	3.43761	46.2778	1.04222	9.14505	2.92608	54.7245
/home/e1garcia/shotgun_PIRE/pire_cssl_data_processing/leiognathus_leuciscus/raw_fq_capture/Lle-CNas_068.2.fq.gz	12506298	12076380	6487703	6420087	5825209	5662290	3.43761	46.2778	1.04222	9.26589	2.79679	54.7245
/home/e1garcia/shotgun_PIRE/pire_cssl_data_processing/leiognathus_leuciscus/raw_fq_capture/Lle-CNas_069.1.fq.gz	3745734	3635983	1615036	1597444	1461701	1423544	2.93003	55.5819	1.08926	8.49751	2.61045	61.9956
/home/e1garcia/shotgun_PIRE/pire_cssl_data_processing/leiognathus_leuciscus/raw_fq_capture/Lle-CNas_069.2.fq.gz	3745734	3635983	1615036	1597444	1460673	1423544	2.93003	55.5819	1.08926	8.56187	2.54191	61.9956
/home/e1garcia/shotgun_PIRE/pire_cssl_data_processing/leiognathus_leuciscus/raw_fq_capture/Lle-CNas_070.1.fq.gz	4638805	4462245	1980722	1960717	1785768	1738482	3.80615	55.6115	1.00999	8.92271	2.64794	62.5231
/home/e1garcia/shotgun_PIRE/pire_cssl_data_processing/leiognathus_leuciscus/raw_fq_capture/Lle-CNas_070.2.fq.gz	4638805	4462245	1980722	1960717	1784383	1738482	3.80615	55.6115	1.00999	8.99334	2.57237	62.5231
/home/e1garcia/shotgun_PIRE/pire_cssl_data_processing/leiognathus_leuciscus/raw_fq_capture/Lle-CNas_071.1.fq.gz	4517397	4356110	2056153	2036309	1852582	1802239	3.57035	52.7984	0.965103	9.02255	2.71745	60.1045
/home/e1garcia/shotgun_PIRE/pire_cssl_data_processing/leiognathus_leuciscus/raw_fq_capture/Lle-CNas_071.2.fq.gz	4517397	4356110	2056153	2036309	1851760	1802239	3.57035	52.7984	0.965103	9.06292	2.67427	60.1045
/home/e1garcia/shotgun_PIRE/pire_cssl_data_processing/leiognathus_leuciscus/raw_fq_capture/Lle-CNas_072.1.fq.gz	5063026	4925709	2324276	2299863	2091875	2034755	2.71215	52.8134	1.05035	9.0435	2.73056	59.8115
/home/e1garcia/shotgun_PIRE/pire_cssl_data_processing/leiognathus_leuciscus/raw_fq_capture/Lle-CNas_072.2.fq.gz	5063026	4925709	2324276	2299863	2089142	2034755	2.71215	52.8134	1.05035	9.16233	2.60332	59.8115
/home/e1garcia/shotgun_PIRE/pire_cssl_data_processing/leiognathus_leuciscus/raw_fq_capture/Lle-CNas_073.1.fq.gz	4999444	4838326	2306405	2283222	2081234	2024726	3.22272	52.3305	1.00516	8.84662	2.71512	59.501
/home/e1garcia/shotgun_PIRE/pire_cssl_data_processing/leiognathus_leuciscus/raw_fq_capture/Lle-CNas_073.2.fq.gz	4999444	4838326	2306405	2283222	2079554	2024726	3.22272	52.3305	1.00516	8.9202	2.63653	59.501
/home/e1garcia/shotgun_PIRE/pire_cssl_data_processing/leiognathus_leuciscus/raw_fq_capture/Lle-CNas_074.1.fq.gz	5056869	4892139	2202534	2180668	1980321	1928277	3.25755	54.9781	0.992766	9.18741	2.62806	61.8682
/home/e1garcia/shotgun_PIRE/pire_cssl_data_processing/leiognathus_leuciscus/raw_fq_capture/Lle-CNas_074.2.fq.gz	5056869	4892139	2202534	2180668	1979003	1928277	3.25755	54.9781	0.992766	9.24785	2.56321	61.8682
/home/e1garcia/shotgun_PIRE/pire_cssl_data_processing/leiognathus_leuciscus/raw_fq_capture/Lle-CNas_075.1.fq.gz	5498132	5318705	2290134	2267390	2045476	1986463	3.26342	56.9419	0.99313	9.7872	2.88505	63.8702
/home/e1garcia/shotgun_PIRE/pire_cssl_data_processing/leiognathus_leuciscus/raw_fq_capture/Lle-CNas_075.2.fq.gz	5498132	5318705	2290134	2267390	2043282	1986463	3.26342	56.9419	0.99313	9.88396	2.78077	63.8702
/home/e1garcia/shotgun_PIRE/pire_cssl_data_processing/leiognathus_leuciscus/raw_fq_capture/Lle-CNas_076.1.fq.gz	5309464	5143002	2480119	2454967	2230159	2170245	3.13519	51.7768	1.01414	9.15727	2.68653	59.125
/home/e1garcia/shotgun_PIRE/pire_cssl_data_processing/leiognathus_leuciscus/raw_fq_capture/Lle-CNas_076.2.fq.gz	5309464	5143002	2480119	2454967	2228324	2170245	3.13519	51.7768	1.01414	9.23202	2.6064	59.125
/home/e1garcia/shotgun_PIRE/pire_cssl_data_processing/leiognathus_leuciscus/raw_fq_capture/Lle-CNas_077.1.fq.gz	3922039	3709854	1817925	1800852	1624476	1579077	5.41007	50.9974	0.939148	9.79403	2.79469	59.7384
/home/e1garcia/shotgun_PIRE/pire_cssl_data_processing/leiognathus_leuciscus/raw_fq_capture/Lle-CNas_077.2.fq.gz	3922039	3709854	1817925	1800852	1622933	1579077	5.41007	50.9974	0.939148	9.87971	2.70227	59.7384
/home/e1garcia/shotgun_PIRE/pire_cssl_data_processing/leiognathus_leuciscus/raw_fq_capture/Lle-CNas_078.1.fq.gz	4764855	4647701	2059677	2037496	1873233	1828032	2.45871	55.684	1.07692	8.062	2.41299	61.6351
/home/e1garcia/shotgun_PIRE/pire_cssl_data_processing/leiognathus_leuciscus/raw_fq_capture/Lle-CNas_078.2.fq.gz	4764855	4647701	2059677	2037496	1871259	1828032	2.45871	55.684	1.07692	8.15889	2.31005	61.6351
/home/e1garcia/shotgun_PIRE/pire_cssl_data_processing/leiognathus_leuciscus/raw_fq_capture/Lle-CNas_079.1.fq.gz	6429091	6191757	3133671	3102769	2812623	2734533	3.69156	49.3896	0.986128	9.3512	2.77641	57.4663
/home/e1garcia/shotgun_PIRE/pire_cssl_data_processing/leiognathus_leuciscus/raw_fq_capture/Lle-CNas_079.2.fq.gz	6429091	6191757	3133671	3102769	2810049	2734533	3.69156	49.3896	0.986128	9.43415	2.68736	57.4663
/home/e1garcia/shotgun_PIRE/pire_cssl_data_processing/leiognathus_leuciscus/raw_fq_capture/Lle-CNas_080.1.fq.gz	4416909	4049765	2048673	2026938	1850637	1799005	8.31224	49.4125	1.06093	8.6979	2.78996	59.27
/home/e1garcia/shotgun_PIRE/pire_cssl_data_processing/leiognathus_leuciscus/raw_fq_capture/Lle-CNas_080.2.fq.gz	4416909	4049765	2048673	2026938	1847458	1799005	8.31224	49.4125	1.06093	8.85474	2.62268	59.27
/home/e1garcia/shotgun_PIRE/pire_cssl_data_processing/leiognathus_leuciscus/raw_fq_capture/Lle-CNas_081.1.fq.gz	7194294	6980578	3112974	3080294	2780466	2703293	2.97063	55.4052	1.0498	9.73375	2.77554	62.4245
/home/e1garcia/shotgun_PIRE/pire_cssl_data_processing/leiognathus_leuciscus/raw_fq_capture/Lle-CNas_081.2.fq.gz	7194294	6980578	3112974	3080294	2778104	2703293	2.97063	55.4052	1.0498	9.81043	2.69288	62.4245
/home/e1garcia/shotgun_PIRE/pire_cssl_data_processing/leiognathus_leuciscus/raw_fq_capture/Lle-CNas_082.1.fq.gz	4616044	4463113	2029043	2008776	1820771	1771764	3.31303	54.5375	0.998845	9.35918	2.69155	61.6173
/home/e1garcia/shotgun_PIRE/pire_cssl_data_processing/leiognathus_leuciscus/raw_fq_capture/Lle-CNas_082.2.fq.gz	4616044	4463113	2029043	2008776	1819920	1771764	3.31303	54.5375	0.998845	9.40155	2.64605	61.6173
/home/e1garcia/shotgun_PIRE/pire_cssl_data_processing/leiognathus_leuciscus/raw_fq_capture/Lle-CNas_083.1.fq.gz	6657231	6438621	2994600	2963821	2682870	2606898	3.2838	53.49	1.02782	9.47935	2.83174	60.8411
/home/e1garcia/shotgun_PIRE/pire_cssl_data_processing/leiognathus_leuciscus/raw_fq_capture/Lle-CNas_083.2.fq.gz	6657231	6438621	2994600	2963821	2680107	2606898	3.2838	53.49	1.02782	9.57258	2.73157	60.8411
/home/e1garcia/shotgun_PIRE/pire_cssl_data_processing/leiognathus_leuciscus/raw_fq_capture/Lle-CNas_084.1.fq.gz	6013387	5669361	2760859	2731438	2486255	2416596	5.721	51.3021	1.06565	8.97633	2.80176	59.8131
/home/e1garcia/shotgun_PIRE/pire_cssl_data_processing/leiognathus_leuciscus/raw_fq_capture/Lle-CNas_084.2.fq.gz	6013387	5669361	2760859	2731438	2483274	2416596	5.721	51.3021	1.06565	9.08547	2.68508	59.8131
/home/e1garcia/shotgun_PIRE/pire_cssl_data_processing/leiognathus_leuciscus/raw_fq_capture/Lle-CNas_085.1.fq.gz	5476408	5330902	2530225	2506695	2277387	2219077	2.65696	52.5366	0.929957	9.14782	2.56039	59.4793
/home/e1garcia/shotgun_PIRE/pire_cssl_data_processing/leiognathus_leuciscus/raw_fq_capture/Lle-CNas_085.2.fq.gz	5476408	5330902	2530225	2506695	2275134	2219077	2.65696	52.5366	0.929957	9.2377	2.4639	59.4793
/home/e1garcia/shotgun_PIRE/pire_cssl_data_processing/leiognathus_leuciscus/raw_fq_capture/Lle-CNas_086.1.fq.gz	4359498	4149083	1958942	1940395	1759189	1710886	4.82659	52.7861	0.946787	9.33861	2.74575	60.755
/home/e1garcia/shotgun_PIRE/pire_cssl_data_processing/leiognathus_leuciscus/raw_fq_capture/Lle-CNas_086.2.fq.gz	4359498	4149083	1958942	1940395	1757532	1710886	4.82659	52.7861	0.946787	9.42401	2.65406	60.755
/home/e1garcia/shotgun_PIRE/pire_cssl_data_processing/leiognathus_leuciscus/raw_fq_capture/Lle-CNas_087.1.fq.gz	4970434	4832154	2066661	2046122	1864796	1813517	2.78205	57.2311	0.993825	8.86193	2.74985	63.5139
/home/e1garcia/shotgun_PIRE/pire_cssl_data_processing/leiognathus_leuciscus/raw_fq_capture/Lle-CNas_087.2.fq.gz	4970434	4832154	2066661	2046122	1863401	1813517	2.78205	57.2311	0.993825	8.93011	2.67704	63.5139
/home/e1garcia/shotgun_PIRE/pire_cssl_data_processing/leiognathus_leuciscus/raw_fq_capture/Lle-CNas_088.1.fq.gz	4822398	4648150	2324786	2301965	2083095	2022098	3.61331	49.9847	0.981639	9.50796	2.92819	58.0686
/home/e1garcia/shotgun_PIRE/pire_cssl_data_processing/leiognathus_leuciscus/raw_fq_capture/Lle-CNas_088.2.fq.gz	4822398	4648150	2324786	2301965	2082184	2022098	3.61331	49.9847	0.981639	9.54754	2.88572	58.0686
/home/e1garcia/shotgun_PIRE/pire_cssl_data_processing/leiognathus_leuciscus/raw_fq_capture/Lle-CNas_089.1.fq.gz	4508994	4310867	2025722	2005297	1814939	1763419	4.39404	53.0089	1.00828	9.49276	2.83866	60.8911
/home/e1garcia/shotgun_PIRE/pire_cssl_data_processing/leiognathus_leuciscus/raw_fq_capture/Lle-CNas_089.2.fq.gz	4508994	4310867	2025722	2005297	1814330	1763419	4.39404	53.0089	1.00828	9.52313	2.80605	60.8911
/home/e1garcia/shotgun_PIRE/pire_cssl_data_processing/leiognathus_leuciscus/raw_fq_capture/Lle-CNas_090.1.fq.gz	4557544	4347087	2111898	2090148	1908751	1854980	4.61777	51.4181	1.02988	8.67867	2.81708	59.2987
/home/e1garcia/shotgun_PIRE/pire_cssl_data_processing/leiognathus_leuciscus/raw_fq_capture/Lle-CNas_090.2.fq.gz	4557544	4347087	2111898	2090148	1906372	1854980	4.61777	51.4181	1.02988	8.79249	2.6958	59.2987
/home/e1garcia/shotgun_PIRE/pire_cssl_data_processing/leiognathus_leuciscus/raw_fq_capture/Lle-CNas_091.1.fq.gz	3967134	3755552	1817402	1799989	1652460	1609184	5.33337	51.6076	0.958126	8.19611	2.61888	59.4371
/home/e1garcia/shotgun_PIRE/pire_cssl_data_processing/leiognathus_leuciscus/raw_fq_capture/Lle-CNas_091.2.fq.gz	3967134	3755552	1817402	1799989	1650708	1609184	5.33337	51.6076	0.958126	8.29344	2.51553	59.4371
/home/e1garcia/shotgun_PIRE/pire_cssl_data_processing/leiognathus_leuciscus/raw_fq_capture/Lle-CNas_092.1.fq.gz	10571210	10121656	5215392	5163139	4698208	4568094	4.25263	48.4729	1.0019	9.00481	2.76944	56.7874
/home/e1garcia/shotgun_PIRE/pire_cssl_data_processing/leiognathus_leuciscus/raw_fq_capture/Lle-CNas_092.2.fq.gz	10571210	10121656	5215392	5163139	4690564	4568094	4.25263	48.4729	1.0019	9.15286	2.61099	56.7874
/home/e1garcia/shotgun_PIRE/pire_cssl_data_processing/leiognathus_leuciscus/raw_fq_capture/Lle-CNas_093.1.fq.gz	2995136	2876501	1555480	1540881	1404897	1373115	3.96092	45.9246	0.938553	8.82508	2.26223	54.1552
/home/e1garcia/shotgun_PIRE/pire_cssl_data_processing/leiognathus_leuciscus/raw_fq_capture/Lle-CNas_093.2.fq.gz	2995136	2876501	1555480	1540881	1403279	1373115	3.96092	45.9246	0.938553	8.93009	2.14954	54.1552
/home/e1garcia/shotgun_PIRE/pire_cssl_data_processing/leiognathus_leuciscus/raw_fq_capture/Lle-CNas_094.1.fq.gz	4721255	4502169	2127094	2106313	1914568	1862420	4.64042	52.754	0.976967	9.10335	2.72375	60.5524
/home/e1garcia/shotgun_PIRE/pire_cssl_data_processing/leiognathus_leuciscus/raw_fq_capture/Lle-CNas_094.2.fq.gz	4721255	4502169	2127094	2106313	1913651	1862420	4.64042	52.754	0.976967	9.14688	2.67713	60.5524
/home/e1garcia/shotgun_PIRE/pire_cssl_data_processing/leiognathus_leuciscus/raw_fq_capture/Lle-CNas_095.1.fq.gz	10091129	9703015	4957920	4904435	4439129	4307086	3.84609	48.9033	1.07878	9.48745	2.97452	57.3181
/home/e1garcia/shotgun_PIRE/pire_cssl_data_processing/leiognathus_leuciscus/raw_fq_capture/Lle-CNas_095.2.fq.gz	10091129	9703015	4957920	4904435	4435487	4307086	3.84609	48.9033	1.07878	9.56171	2.89486	57.3181
/home/e1garcia/shotgun_PIRE/pire_cssl_data_processing/leiognathus_leuciscus/raw_fq_capture/Lle-CNas_096.1.fq.gz	7774130	7518132	3712035	3677748	3312903	3229599	3.29295	50.6256	0.923671	9.92034	2.51453	58.4571
/home/e1garcia/shotgun_PIRE/pire_cssl_data_processing/leiognathus_leuciscus/raw_fq_capture/Lle-CNas_096.2.fq.gz	7774130	7518132	3712035	3677748	3309662	3229599	3.29295	50.6256	0.923671	10.0085	2.41907	58.4571
